customer_key,customer_name,segment,loyalty_tier,signup_date,geography_key
1,Elizabeth Martinez,Consumer,None,2024-01-02,28
2,Anthony Garcia,Enterprise,None,2025-06-20,6
3,Carlos Moore,Consumer,None,2025-06-03,33
4,Priya Johnson,Consumer,None,2025-01-17,25
5,John Lopez,Consumer,Gold,2025-11-03,16
6,Nancy Jones,Consumer,Gold,2024-12-26,3
7,Barbara Clark,Consumer,Gold,2025-05-05,30
8,John Thompson,Consumer,None,2024-02-07,30
9,Richard Lewis,Enterprise,Silver,2024-11-19,3
10,Aisha Thomas,Small Business,None,2024-02-07,17
11,Daniel Ramirez,Consumer,None,2025-11-02,4
12,Lisa Wilson,Small Business,None,2025-03-26,26
13,Barbara Thomas,Enterprise,Silver,2025-01-11,32
14,Jennifer White,Consumer,Platinum,2024-03-21,28
15,Barbara Moore,Consumer,None,2024-11-24,19
16,Charles Martinez,Small Business,None,2025-09-09,29
17,Mark Lopez,Small Business,Gold,2024-02-13,29
18,Sofia Wilson,Enterprise,Platinum,2025-10-16,18
19,John Perez,Consumer,Silver,2025-01-07,26
20,William Smith,Small Business,None,2025-09-14,10
21,David Williams,Consumer,None,2025-10-22,16
22,Yuki Johnson,Consumer,None,2025-11-26,10
23,Mark Harris,Consumer,None,2025-08-10,5
24,Christopher Lee,Enterprise,None,2024-09-12,18
25,Barbara Thomas,Enterprise,None,2025-01-31,34
26,Thomas Thompson,Enterprise,None,2024-08-07,29
27,Wei Miller,Small Business,Silver,2024-05-18,8
28,Mark Williams,Consumer,None,2025-11-14,21
29,Aisha Martinez,Small Business,Gold,2024-06-10,20
30,Barbara Sanchez,Consumer,Platinum,2025-06-04,24
31,David Davis,Consumer,Silver,2024-01-27,32
32,Sandra Sanchez,Small Business,None,2025-09-18,9
33,Betty Thompson,Consumer,None,2025-06-22,31
34,Yuki Williams,Consumer,None,2024-11-20,9
35,Carlos Lopez,Consumer,None,2025-07-18,9
36,David Wilson,Small Business,Silver,2024-02-26,33
37,Karen Garcia,Enterprise,None,2024-11-26,11
38,Carlos Lewis,Consumer,Silver,2024-03-21,19
39,Diego Rodriguez,Consumer,Silver,2025-10-02,9
40,Fatima Lee,Enterprise,None,2025-08-29,11
41,Sofia White,Consumer,Gold,2025-07-31,22
42,Jennifer Johnson,Consumer,Silver,2025-10-28,17
43,Sofia Lee,Small Business,Silver,2025-05-24,2
44,Karen Thomas,Consumer,None,2025-02-19,16
45,Patricia Garcia,Consumer,None,2025-03-01,29
46,Liam Jones,Small Business,Gold,2024-11-22,21
47,Betty Jones,Consumer,None,2025-06-11,24
48,Sandra Brown,Consumer,None,2025-04-05,18
49,Charles Gonzalez,Enterprise,Gold,2024-09-11,27
50,Christopher Robinson,Small Business,Silver,2024-07-13,21
51,Fatima Anderson,Consumer,None,2024-11-11,32
52,Betty Taylor,Consumer,None,2024-09-03,30
53,Patricia Martinez,Small Business,Silver,2025-09-03,32
54,Priya Martinez,Consumer,Gold,2024-04-20,1
55,Lisa Harris,Consumer,None,2025-01-09,26
56,Diego Miller,Consumer,None,2025-07-20,24
57,Mark Harris,Small Business,None,2025-09-30,18
58,Michael Gonzalez,Consumer,None,2024-12-13,24
59,Elizabeth Miller,Consumer,None,2025-02-15,33
60,David Thompson,Consumer,None,2025-04-30,22
61,Fatima Jones,Consumer,None,2025-09-19,21
62,Sofia White,Consumer,Gold,2025-08-30,20
63,Aisha Thomas,Small Business,None,2025-05-01,20
64,Linda Wilson,Consumer,Silver,2025-10-06,20
65,Amara Jackson,Consumer,None,2024-02-22,15
66,Sofia Harris,Small Business,None,2024-05-31,25
67,Yuki Thompson,Consumer,None,2024-07-14,8
68,Elizabeth Wilson,Consumer,Silver,2025-02-24,14
69,Priya Ramirez,Consumer,Silver,2024-05-21,4
70,Priya Taylor,Enterprise,Silver,2024-11-17,25
71,Aisha Hernandez,Small Business,Silver,2025-11-23,23
72,Thomas Martin,Enterprise,None,2024-07-15,31
73,Karen Davis,Small Business,Silver,2024-10-22,20
74,Wei Hernandez,Consumer,Platinum,2024-12-23,31
75,Sarah Martinez,Small Business,None,2025-08-10,8
76,Betty Clark,Consumer,None,2024-05-29,23
77,Jennifer Lopez,Consumer,Silver,2025-11-02,29
78,Richard Clark,Small Business,None,2025-07-29,18
79,Sofia White,Consumer,Gold,2024-09-05,16
80,Joseph Lee,Consumer,None,2024-02-23,15
81,Priya Brown,Enterprise,Platinum,2024-01-06,9
82,William Wilson,Small Business,Gold,2025-05-03,31
83,Charles Hernandez,Consumer,Gold,2025-10-23,19
84,Yuki Davis,Consumer,Gold,2024-06-28,3
85,Robert Clark,Consumer,Silver,2025-05-22,26
86,Charles Lewis,Consumer,Silver,2024-01-10,3
87,Nancy Martinez,Consumer,Silver,2025-10-18,30
88,David Ramirez,Consumer,Gold,2025-04-24,33
89,Nancy Garcia,Consumer,None,2025-10-25,30
90,Nancy Sanchez,Small Business,None,2025-08-04,19
91,Sofia Ramirez,Consumer,None,2025-03-13,26
92,Michael Garcia,Consumer,None,2025-05-03,9
93,Thomas Gonzalez,Small Business,Platinum,2025-04-02,16
94,Karen Jackson,Small Business,Silver,2024-09-24,1
95,Patricia Perez,Consumer,None,2025-04-21,8
96,Fatima Robinson,Consumer,Platinum,2024-04-30,20
97,Lisa Martin,Enterprise,Silver,2024-08-12,15
98,Sandra White,Small Business,Gold,2025-03-01,24
99,Aisha Sanchez,Small Business,Silver,2024-09-10,14
100,Jennifer Taylor,Small Business,None,2025-06-24,29
101,Yuki Brown,Enterprise,None,2025-07-14,4
102,Aisha Jones,Small Business,None,2024-12-01,11
103,Susan Thompson,Small Business,None,2024-04-03,32
104,Patricia Anderson,Consumer,Silver,2025-06-09,9
105,Diego Anderson,Consumer,Gold,2024-01-23,20
106,Susan Jackson,Consumer,Silver,2024-02-16,5
107,Aisha Johnson,Consumer,None,2025-04-28,5
108,David Harris,Enterprise,None,2025-01-18,27
109,Matthew Gonzalez,Enterprise,Gold,2025-11-30,6
110,David Lee,Consumer,Silver,2024-05-01,23
111,Carlos Jones,Small Business,Platinum,2024-01-04,15
112,Sandra Perez,Consumer,None,2025-06-28,28
113,Sandra Lopez,Consumer,Gold,2024-10-09,10
114,Linda Johnson,Small Business,Gold,2025-09-21,27
115,Mary Davis,Consumer,None,2024-03-09,14
116,Liam Perez,Small Business,None,2024-09-07,4
117,Joseph Moore,Consumer,Platinum,2024-02-27,14
118,Joseph Clark,Consumer,Silver,2025-08-14,21
119,Christopher Davis,Enterprise,Silver,2024-05-26,20
120,Anthony Martinez,Consumer,Silver,2024-03-03,18
121,Barbara Lee,Consumer,Platinum,2025-07-23,28
122,Matthew Sanchez,Small Business,None,2024-11-22,34
123,Karen Gonzalez,Consumer,Gold,2025-07-04,12
124,Karen Ramirez,Enterprise,Silver,2025-04-19,10
125,Anthony Moore,Consumer,None,2024-05-17,34
126,Nancy Lee,Small Business,None,2025-04-05,6
127,Richard Johnson,Small Business,Silver,2025-01-21,18
128,John Miller,Consumer,Gold,2025-05-05,14
129,Karen Robinson,Enterprise,Platinum,2024-08-04,1
130,Linda White,Small Business,Silver,2024-09-05,31
131,Betty Robinson,Consumer,None,2025-07-19,16
132,Sandra Moore,Consumer,Silver,2024-11-11,23
133,Wei Anderson,Small Business,None,2025-04-25,7
134,Susan Lopez,Consumer,Gold,2025-02-27,21
135,Elizabeth Smith,Enterprise,Silver,2025-07-20,17
136,Anthony Martinez,Consumer,None,2024-07-19,10
137,Jessica Thomas,Small Business,Silver,2024-09-20,22
138,Wei Anderson,Consumer,Silver,2024-12-26,11
139,Wei Garcia,Consumer,Gold,2025-06-20,4
140,Patricia Harris,Consumer,Silver,2025-02-26,1
141,John Thompson,Consumer,Silver,2024-01-10,10
142,Patricia Martin,Consumer,None,2025-11-06,31
143,Diego Wilson,Consumer,None,2024-01-18,1
144,Charles Smith,Consumer,Platinum,2025-11-21,33
145,Barbara Brown,Consumer,None,2025-06-20,7
146,Carlos Rodriguez,Small Business,None,2024-09-30,23
147,Betty Anderson,Consumer,Gold,2024-08-19,16
148,Jennifer Lee,Consumer,None,2024-04-05,3
149,Priya Johnson,Consumer,Gold,2024-06-24,1
150,Nancy Jackson,Enterprise,None,2025-06-24,7
151,Yuki Thomas,Enterprise,Silver,2024-02-17,18
152,Sarah Lewis,Enterprise,None,2024-07-02,3
153,Susan Jackson,Enterprise,None,2025-02-11,10
154,Yuki Davis,Small Business,None,2025-11-24,25
155,David Sanchez,Small Business,None,2025-05-27,6
156,Michael Wilson,Consumer,Gold,2024-03-18,15
157,Liam Gonzalez,Consumer,Gold,2024-01-31,21
158,Mark Thomas,Consumer,None,2024-12-30,15
159,Barbara Perez,Small Business,None,2024-03-28,25
160,Jessica Thompson,Consumer,None,2024-03-25,5
161,Elizabeth White,Consumer,None,2024-11-20,25
162,Karen Anderson,Consumer,None,2024-10-03,24
163,Margaret Anderson,Consumer,None,2025-02-21,33
164,Diego Williams,Consumer,None,2025-01-29,21
165,Jennifer White,Consumer,Silver,2025-08-08,16
166,William Jones,Consumer,None,2024-11-04,18
167,William Wilson,Consumer,Gold,2025-03-07,18
168,Lisa Rodriguez,Consumer,Silver,2025-10-02,16
169,Sandra Brown,Consumer,None,2024-11-07,9
170,Sofia Gonzalez,Consumer,Gold,2025-03-26,22
171,Liam Jones,Consumer,Silver,2024-11-24,20
172,Priya Hernandez,Enterprise,None,2025-02-11,12
173,Wei Jackson,Consumer,Gold,2024-11-29,16
174,Betty Lopez,Consumer,Platinum,2025-07-31,8
175,Barbara Perez,Enterprise,None,2025-04-17,2
176,Charles Clark,Small Business,None,2025-02-22,5
177,Karen Davis,Consumer,None,2025-11-05,17
178,Matthew Williams,Consumer,None,2025-09-04,29
179,Fatima Robinson,Consumer,Platinum,2025-07-10,27
180,Aisha Martin,Small Business,Silver,2024-04-21,6
181,Daniel Garcia,Enterprise,Silver,2025-07-30,3
182,Betty Harris,Consumer,None,2025-03-16,22
183,Joseph Taylor,Consumer,Silver,2025-07-25,34
184,Mark Lopez,Small Business,Silver,2025-04-19,26
185,Fatima Jones,Consumer,None,2024-01-26,23
186,Jennifer Brown,Consumer,Silver,2024-12-22,10
187,Susan Taylor,Consumer,None,2024-12-22,31
188,Mark Hernandez,Consumer,Silver,2024-11-03,5
189,Mary Ramirez,Consumer,Gold,2025-10-25,22
190,Jessica Taylor,Consumer,Silver,2025-07-19,12
191,Sandra Davis,Consumer,Silver,2025-10-06,26
192,Margaret Gonzalez,Small Business,None,2025-09-20,2
193,Margaret Gonzalez,Consumer,Gold,2024-08-07,1
194,John Jackson,Consumer,None,2025-07-03,7
195,Sandra Brown,Small Business,Silver,2025-11-17,17
196,Christopher Martin,Consumer,None,2025-09-17,25
197,Daniel Ramirez,Consumer,Silver,2025-09-24,30
198,Karen Robinson,Consumer,None,2025-11-19,6
199,Karen Brown,Small Business,Silver,2025-01-17,12
200,Anthony Martin,Consumer,None,2025-08-11,9
201,Aisha Thompson,Consumer,None,2025-07-22,12
202,Barbara Hernandez,Consumer,None,2025-09-26,29
203,James Thomas,Small Business,Platinum,2024-07-18,9
204,Fatima Lee,Small Business,None,2025-02-22,32
205,Mark Thomas,Consumer,Gold,2024-03-25,11
206,Joseph Martinez,Consumer,None,2024-10-08,3
207,Sandra Jackson,Consumer,Silver,2025-07-16,32
208,Sarah Harris,Small Business,None,2025-07-09,24
209,Mark Moore,Consumer,Gold,2025-03-11,14
210,Jessica Martinez,Consumer,Gold,2025-04-05,3
211,Jennifer Anderson,Consumer,Silver,2024-08-30,8
212,Daniel Ramirez,Consumer,Gold,2024-06-18,28
213,Susan Sanchez,Consumer,None,2025-08-06,4
214,Aisha Garcia,Consumer,None,2024-10-26,21
215,Fatima Lewis,Enterprise,Gold,2024-05-18,7
216,Patricia Rodriguez,Consumer,Silver,2024-05-15,9
217,Jessica Harris,Consumer,Silver,2025-05-16,26
218,Anthony Gonzalez,Consumer,Gold,2024-03-18,29
219,Jennifer Gonzalez,Small Business,Gold,2024-10-11,33
220,Sandra Thomas,Consumer,Gold,2025-08-18,21
221,Jennifer White,Small Business,None,2025-10-12,30
222,John Sanchez,Enterprise,Gold,2024-08-11,26
223,Wei Rodriguez,Consumer,Silver,2024-10-17,21
224,Yuki Ramirez,Small Business,Gold,2024-12-17,32
225,Robert Brown,Consumer,Gold,2024-01-17,30
226,Mark Anderson,Consumer,Silver,2025-03-14,1
227,David Lewis,Small Business,Gold,2024-06-11,20
228,Jennifer Lee,Consumer,Silver,2024-09-13,24
229,William Johnson,Consumer,Silver,2025-10-02,26
230,Joseph Wilson,Consumer,Silver,2024-04-07,6
231,David Jackson,Small Business,None,2025-06-15,15
232,Nancy Clark,Small Business,Silver,2025-03-08,8
233,Joseph Gonzalez,Consumer,None,2024-04-14,6
234,Karen Jones,Consumer,Silver,2024-05-16,25
235,John Taylor,Small Business,None,2025-09-16,1
236,Susan Lee,Consumer,None,2025-02-25,10
237,Susan Williams,Small Business,Silver,2024-05-23,7
238,Matthew Lopez,Small Business,None,2024-11-18,28
239,Jennifer Davis,Small Business,Silver,2024-01-28,19
240,Karen Miller,Consumer,Silver,2025-09-13,34
241,Charles Lee,Consumer,None,2024-09-02,4
242,Wei Lee,Small Business,None,2025-06-24,5
243,Lisa Robinson,Consumer,Gold,2024-05-15,21
244,Anthony Lopez,Enterprise,Gold,2025-04-27,12
245,Mary Jackson,Consumer,None,2024-01-15,5
246,Patricia Sanchez,Consumer,Silver,2025-06-02,26
247,Anthony Wilson,Consumer,Silver,2024-03-25,26
248,Elizabeth Rodriguez,Consumer,Gold,2024-11-13,6
249,Elizabeth Moore,Consumer,Gold,2025-02-04,21
250,John Martinez,Consumer,None,2024-09-01,28
251,Margaret Brown,Consumer,None,2025-09-18,30
252,Barbara Brown,Small Business,None,2024-05-20,1
253,Daniel Taylor,Consumer,None,2024-09-22,34
254,Sarah White,Consumer,None,2024-01-31,8
255,Carlos Williams,Consumer,Silver,2025-08-13,17
256,Fatima Lopez,Small Business,None,2025-05-26,4
257,William Rodriguez,Small Business,None,2025-08-10,7
258,Fatima Smith,Consumer,Silver,2024-01-13,3
259,Matthew Robinson,Enterprise,Gold,2024-07-02,10
260,Diego Sanchez,Consumer,None,2024-08-17,27
261,Christopher Rodriguez,Consumer,Silver,2025-08-08,5
262,Patricia Garcia,Enterprise,Platinum,2025-06-12,15
263,John Lewis,Small Business,None,2024-10-16,30
264,Jennifer Moore,Consumer,None,2024-01-09,30
265,Karen White,Consumer,Platinum,2025-04-20,16
266,Richard White,Consumer,None,2024-06-03,16
267,Joseph Moore,Small Business,Gold,2025-10-13,23
268,Nancy Smith,Consumer,Silver,2024-11-10,25
269,Jessica Wilson,Enterprise,None,2024-03-02,32
270,Sarah Williams,Small Business,Silver,2024-08-25,3
271,Lisa Anderson,Consumer,None,2025-08-17,6
272,Betty Williams,Small Business,None,2025-03-21,4
273,Charles Rodriguez,Small Business,Silver,2025-02-06,21
274,Christopher Anderson,Consumer,None,2024-08-27,18
275,Amara Brown,Consumer,Silver,2024-04-18,10
276,Anthony Brown,Consumer,Silver,2024-07-31,23
277,Linda Williams,Small Business,Silver,2024-11-07,11
278,Robert Miller,Consumer,None,2024-05-31,21
279,Daniel Gonzalez,Small Business,None,2024-02-20,33
280,Barbara Smith,Consumer,Silver,2025-04-08,26
281,Michael Anderson,Consumer,None,2024-05-23,7
282,Joseph Jones,Consumer,Silver,2025-02-14,13
283,Jennifer Jackson,Consumer,None,2024-03-17,17
284,Mark Sanchez,Enterprise,Gold,2024-04-04,9
285,Nancy Brown,Consumer,Gold,2025-04-17,3
286,Margaret Clark,Consumer,Silver,2025-05-23,26
287,Barbara Lopez,Consumer,None,2024-07-10,14
288,Elizabeth Johnson,Consumer,None,2025-10-24,16
289,Diego Thomas,Consumer,None,2024-03-30,4
290,Richard Lee,Consumer,Gold,2024-09-12,34
291,Mary Gonzalez,Consumer,Silver,2025-05-06,23
292,Yuki Taylor,Consumer,None,2025-02-01,21
293,Liam Davis,Consumer,Platinum,2024-10-14,2
294,Carlos Lopez,Consumer,Silver,2024-06-12,15
295,Sarah Moore,Consumer,Platinum,2024-08-12,4
296,Matthew Lopez,Consumer,None,2024-06-29,12
297,Daniel Robinson,Enterprise,Silver,2024-12-26,2
298,Yuki Miller,Consumer,Silver,2025-07-09,32
299,Jennifer Johnson,Consumer,Silver,2025-09-08,15
300,James Hernandez,Consumer,None,2024-05-13,13
301,Christopher Johnson,Consumer,Gold,2024-05-31,2
302,Linda Ramirez,Enterprise,None,2025-01-08,34
303,Betty Jackson,Consumer,None,2024-12-10,7
304,William White,Enterprise,Silver,2025-10-16,28
305,Barbara Thompson,Small Business,Gold,2024-08-16,23
306,Matthew Martinez,Consumer,None,2024-05-10,19
307,Yuki Gonzalez,Consumer,Gold,2024-07-05,3
308,Sofia Davis,Consumer,Silver,2025-05-23,7
309,Jessica Lopez,Consumer,Platinum,2024-06-20,21
310,Nancy Anderson,Consumer,Silver,2024-09-28,1
311,Daniel Rodriguez,Consumer,None,2024-01-02,7
312,Anthony Garcia,Small Business,None,2025-05-19,27
313,Matthew Brown,Small Business,Silver,2025-08-14,31
314,William Anderson,Consumer,None,2024-02-04,5
315,Michael Williams,Small Business,None,2024-06-23,22
316,John Moore,Consumer,Silver,2024-12-12,6
317,Priya Thompson,Enterprise,None,2025-03-17,2
318,Margaret Garcia,Consumer,Platinum,2024-04-13,4
319,Anthony Thompson,Consumer,None,2025-11-07,17
320,Patricia Gonzalez,Consumer,None,2024-06-06,32
321,Jennifer Martinez,Consumer,None,2024-07-23,31
322,Charles Williams,Consumer,None,2024-04-28,31
323,Wei Lewis,Consumer,None,2024-04-03,17
324,Lisa Lewis,Consumer,None,2025-01-13,25
325,Mark Anderson,Small Business,Silver,2024-08-19,17
326,Elizabeth Harris,Small Business,Gold,2024-03-28,7
327,Anthony Harris,Consumer,None,2025-07-20,15
328,Carlos Wilson,Small Business,Silver,2025-08-09,31
329,Jennifer Gonzalez,Consumer,Silver,2025-05-29,3
330,Yuki Perez,Enterprise,None,2024-05-03,10
331,William Miller,Consumer,None,2024-05-09,13
332,Margaret Miller,Consumer,Gold,2025-09-01,10
333,John Williams,Consumer,None,2025-07-23,25
334,Sarah Taylor,Small Business,Silver,2024-01-13,30
335,Carlos Sanchez,Consumer,None,2024-04-25,27
336,Amara Jackson,Consumer,None,2024-04-18,7
337,Charles Ramirez,Consumer,Silver,2025-02-24,23
338,Yuki Martin,Consumer,None,2024-02-08,31
339,Sofia Martin,Consumer,Gold,2024-02-09,26
340,Jessica Johnson,Small Business,None,2024-10-02,31
341,Karen Martinez,Small Business,Silver,2025-05-18,18
342,Joseph Jones,Small Business,None,2025-03-29,20
343,Anthony Martin,Consumer,Gold,2024-07-11,6
344,Anthony White,Small Business,Gold,2025-06-12,32
345,Fatima Sanchez,Consumer,Silver,2024-03-08,11
346,David Harris,Consumer,None,2025-08-05,34
347,Richard Clark,Consumer,None,2024-09-12,4
348,Lisa Thompson,Consumer,Silver,2024-10-07,13
349,Betty Lee,Consumer,None,2025-11-28,8
350,Liam Anderson,Consumer,None,2025-04-30,12
351,William Clark,Consumer,None,2024-04-02,17
352,William Ramirez,Consumer,Silver,2024-08-14,14
353,Sarah Lee,Consumer,Gold,2025-06-09,27
354,James Thomas,Consumer,Gold,2025-10-24,9
355,Joseph Rodriguez,Consumer,Gold,2025-10-20,20
356,Daniel Anderson,Consumer,Silver,2024-08-11,17
357,Sofia Gonzalez,Consumer,Silver,2024-01-08,7
358,Lisa Moore,Small Business,Silver,2024-11-01,19
359,Nancy Rodriguez,Consumer,Silver,2024-10-10,21
360,Karen Miller,Small Business,Gold,2025-06-13,10
361,Liam Gonzalez,Consumer,None,2025-11-28,21
362,Wei Martinez,Consumer,Silver,2025-03-04,17
363,Amara Thompson,Small Business,None,2024-12-17,13
364,Aisha Lee,Consumer,None,2025-11-18,31
365,William Clark,Consumer,None,2024-10-27,12
366,Thomas White,Small Business,Silver,2025-11-27,12
367,Joseph Lopez,Consumer,Gold,2024-11-10,15
368,Lisa Rodriguez,Small Business,Silver,2025-04-19,19
369,Amara Jackson,Small Business,Silver,2025-04-28,5
370,Matthew Taylor,Consumer,Gold,2025-02-27,20
371,David Miller,Enterprise,Gold,2025-02-23,22
372,Sandra Jones,Small Business,Silver,2024-07-03,21
373,Barbara Hernandez,Consumer,None,2024-01-05,4
374,William Jackson,Small Business,Gold,2025-05-16,11
375,David Martin,Consumer,None,2025-10-10,28
376,Priya Gonzalez,Consumer,Silver,2024-02-08,1
377,James Lewis,Consumer,Silver,2025-06-27,21
378,Jessica Davis,Consumer,None,2024-11-15,23
379,Amara Martinez,Small Business,None,2024-03-07,11
380,Charles Anderson,Consumer,None,2025-09-02,34
381,David Hernandez,Small Business,None,2025-01-02,32
382,Betty Smith,Small Business,None,2024-08-17,15
383,Mary Jackson,Consumer,Silver,2024-06-22,33
384,Robert Gonzalez,Consumer,Silver,2025-07-01,17
385,Patricia Perez,Small Business,None,2025-10-31,7
386,Linda Wilson,Consumer,None,2025-01-24,29
387,Elizabeth Miller,Consumer,None,2024-11-04,1
388,Carlos Rodriguez,Small Business,None,2025-03-04,9
389,Sofia Brown,Small Business,Silver,2024-04-26,19
390,Liam Miller,Enterprise,None,2025-06-19,17
391,Anthony Martinez,Consumer,Gold,2024-02-10,11
392,Priya Hernandez,Consumer,None,2024-01-03,16
393,Linda Clark,Enterprise,Gold,2024-06-01,32
394,John White,Consumer,Silver,2024-09-19,7
395,Charles Rodriguez,Consumer,None,2024-02-21,30
396,Robert Ramirez,Small Business,None,2025-01-03,19
397,Linda Brown,Small Business,Silver,2024-01-10,3
398,William Hernandez,Enterprise,None,2025-03-24,23
399,Jennifer Lopez,Consumer,None,2024-07-06,22
400,Sandra Rodriguez,Small Business,Silver,2025-05-04,25
401,William Brown,Enterprise,Gold,2024-03-01,9
402,Michael Wilson,Small Business,None,2025-08-05,31
403,Matthew Harris,Consumer,Silver,2025-09-18,23
404,David Thomas,Small Business,None,2024-04-25,32
405,John Rodriguez,Small Business,Silver,2024-01-13,21
406,Yuki White,Small Business,Silver,2025-11-16,15
407,Sofia Brown,Small Business,Silver,2025-11-08,28
408,Matthew Jones,Consumer,None,2024-01-12,4
409,Priya Ramirez,Consumer,Silver,2024-06-18,32
410,Jessica Hernandez,Consumer,Silver,2024-02-21,18
411,Matthew Gonzalez,Consumer,Gold,2024-03-21,16
412,Mark Williams,Consumer,Platinum,2025-04-02,32
413,Mary Brown,Consumer,Silver,2025-02-26,26
414,Jennifer Sanchez,Consumer,Silver,2025-06-04,20
415,Sandra Hernandez,Small Business,Gold,2024-02-25,24
416,Nancy Moore,Consumer,Silver,2025-11-03,31
417,Michael Harris,Consumer,Gold,2024-01-03,15
418,Charles Moore,Small Business,None,2025-01-17,34
419,William Thomas,Consumer,Silver,2025-02-23,9
420,Richard Brown,Consumer,Gold,2024-08-08,26
421,Nancy Brown,Enterprise,Gold,2024-02-17,27
422,Amara Brown,Small Business,Platinum,2025-04-13,29
423,David Thomas,Small Business,Silver,2025-06-27,1
424,Margaret Clark,Small Business,Gold,2025-06-04,31
425,Amara Garcia,Consumer,Silver,2024-04-16,9
426,Christopher Taylor,Enterprise,Gold,2025-03-04,25
427,Jessica Rodriguez,Enterprise,Silver,2024-12-17,26
428,David Jones,Small Business,Silver,2025-09-08,27
429,Karen Clark,Consumer,None,2025-07-20,21
430,Sofia Thompson,Enterprise,None,2024-12-19,19
431,Barbara Taylor,Small Business,Silver,2024-04-28,21
432,Amara Jackson,Small Business,Gold,2025-11-21,27
433,Charles Lewis,Consumer,None,2024-01-14,28
434,Elizabeth Johnson,Consumer,Gold,2024-07-23,4
435,Charles Perez,Small Business,Silver,2024-05-29,17
436,Charles Miller,Small Business,None,2025-01-02,3
437,Diego Ramirez,Consumer,None,2025-10-24,15
438,Charles Thompson,Consumer,Platinum,2025-01-25,4
439,Christopher Moore,Small Business,None,2024-01-14,4
440,Mark Clark,Small Business,Silver,2025-10-10,15
441,Amara Moore,Consumer,None,2024-07-17,13
442,John Garcia,Consumer,None,2025-06-10,12
443,Sarah Moore,Consumer,Gold,2024-05-13,17
444,James Hernandez,Consumer,Gold,2024-06-07,30
445,Liam Johnson,Small Business,Silver,2025-05-17,20
446,John Sanchez,Consumer,None,2025-06-22,21
447,John Sanchez,Consumer,Silver,2024-06-12,33
448,Jennifer Lopez,Small Business,None,2024-08-06,15
449,Charles Miller,Enterprise,Gold,2025-05-01,34
450,James Brown,Consumer,Silver,2025-04-01,23
451,Sofia Davis,Small Business,None,2025-11-29,3
452,Linda Gonzalez,Small Business,None,2025-07-07,17
453,Carlos Clark,Small Business,None,2025-06-10,24
454,Robert Martinez,Consumer,Platinum,2024-11-24,13
455,William Harris,Consumer,Silver,2025-10-03,1
456,Susan Ramirez,Consumer,Gold,2024-04-16,28
457,Margaret Lee,Consumer,Silver,2024-06-06,5
458,Robert Williams,Consumer,None,2024-02-25,5
459,John Jackson,Consumer,Silver,2024-09-21,15
460,Betty Wilson,Consumer,None,2024-01-18,21
461,James Lee,Consumer,Gold,2025-08-22,5
462,Daniel Robinson,Consumer,Silver,2024-04-18,33
463,Liam Williams,Consumer,Gold,2025-03-24,19
464,Mary Thomas,Consumer,Silver,2025-06-30,11
465,Aisha Martinez,Small Business,Gold,2024-11-01,10
466,Lisa Smith,Consumer,Silver,2024-05-06,10
467,Betty Moore,Consumer,Silver,2024-11-08,6
468,Daniel Miller,Small Business,None,2025-10-23,27
469,Barbara Davis,Consumer,Silver,2024-07-17,17
470,Yuki Ramirez,Consumer,Silver,2025-07-16,4
471,Charles Perez,Consumer,Silver,2024-09-13,5
472,Wei Hernandez,Small Business,None,2024-05-11,23
473,Charles Martin,Consumer,Silver,2024-07-17,5
474,Sofia Perez,Consumer,Silver,2025-08-21,20
475,Christopher Wilson,Consumer,Gold,2024-01-05,11
476,Margaret Rodriguez,Small Business,None,2024-05-17,24
477,Priya Anderson,Small Business,Silver,2025-01-02,29
478,Michael Garcia,Small Business,None,2024-10-14,6
479,Aisha Miller,Consumer,None,2025-10-03,17
480,Mary Ramirez,Consumer,Silver,2025-10-08,33
481,Betty Harris,Consumer,Silver,2024-02-07,14
482,Aisha Thomas,Consumer,Gold,2025-01-09,10
483,Amara White,Consumer,Silver,2024-05-17,19
484,Betty Lopez,Small Business,Gold,2024-01-11,33
485,Sofia Perez,Consumer,None,2025-06-10,11
486,Yuki Jackson,Enterprise,None,2025-05-10,10
487,Wei Davis,Consumer,None,2024-09-27,5
488,Susan Taylor,Consumer,Silver,2025-02-01,24
489,Robert Johnson,Small Business,Silver,2024-04-15,21
490,Sarah Clark,Consumer,None,2025-08-15,17
491,Matthew Lopez,Consumer,Platinum,2025-06-13,5
492,Joseph Taylor,Small Business,None,2024-12-27,26
493,Priya Lewis,Small Business,None,2025-05-28,1
494,Joseph Williams,Consumer,None,2025-10-20,33
495,William Lopez,Consumer,Gold,2025-11-07,8
496,Linda Thomas,Consumer,None,2025-05-05,31
497,Anthony Smith,Consumer,Silver,2024-02-14,16
498,David Lee,Small Business,None,2024-02-10,33
499,William Rodriguez,Enterprise,Silver,2025-06-13,12
500,Yuki Lee,Small Business,Platinum,2025-11-08,2
501,Susan Anderson,Consumer,Gold,2025-05-08,31
502,Liam Jones,Small Business,None,2025-09-30,12
503,Nancy Robinson,Consumer,None,2025-09-02,30
504,Matthew Jones,Consumer,Gold,2024-01-17,7
505,Fatima Perez,Consumer,None,2024-06-02,27
506,Sofia Martin,Consumer,None,2025-06-28,3
507,Priya Perez,Consumer,None,2025-09-09,9
508,Margaret Taylor,Small Business,Silver,2025-01-14,27
509,Margaret Davis,Consumer,Gold,2025-01-25,31
510,Yuki Brown,Consumer,Gold,2024-05-17,28
511,Jennifer Martinez,Consumer,Silver,2024-09-20,27
512,James Jackson,Consumer,None,2024-04-30,34
513,Susan Thompson,Consumer,None,2025-02-22,21
514,Amara Rodriguez,Consumer,None,2025-07-02,17
515,Sarah Perez,Consumer,Gold,2024-07-27,26
516,Priya Garcia,Consumer,None,2025-07-26,24
517,Karen Jackson,Small Business,Gold,2025-02-11,23
518,Linda White,Small Business,Platinum,2025-04-02,15
519,Michael Miller,Small Business,Gold,2025-02-14,33
520,Sofia Thompson,Consumer,Silver,2024-06-13,4
521,Jennifer Clark,Enterprise,None,2025-04-27,10
522,John Rodriguez,Consumer,None,2025-01-14,15
523,Matthew Robinson,Small Business,None,2025-09-20,26
524,Liam Johnson,Consumer,None,2025-10-17,12
525,Carlos Martinez,Small Business,Silver,2024-02-04,13
526,Joseph Martin,Consumer,None,2025-11-21,11
527,James Garcia,Small Business,None,2024-10-09,6
528,Betty Gonzalez,Consumer,Silver,2025-06-14,13
529,Jennifer Moore,Enterprise,None,2025-07-26,19
530,Sarah Davis,Enterprise,Silver,2025-04-10,13
531,Thomas Garcia,Consumer,None,2025-06-02,27
532,Charles Hernandez,Enterprise,Gold,2025-06-09,8
533,Yuki Rodriguez,Consumer,Gold,2025-01-21,29
534,Nancy Harris,Consumer,Silver,2025-11-28,30
535,Mary Thomas,Consumer,Silver,2024-09-21,8
536,Joseph Perez,Consumer,None,2024-11-19,15
537,Aisha Smith,Consumer,None,2024-09-11,17
538,Nancy Williams,Consumer,None,2025-05-02,12
539,Yuki Rodriguez,Enterprise,None,2025-11-30,12
540,Richard Davis,Consumer,None,2024-09-28,16
541,Jessica Clark,Small Business,None,2024-06-08,23
542,Jennifer Perez,Consumer,Gold,2025-09-20,32
543,Robert Ramirez,Consumer,Silver,2025-01-15,31
544,Yuki Ramirez,Consumer,Gold,2025-05-17,18
545,Fatima Rodriguez,Small Business,None,2024-08-15,26
546,Carlos Sanchez,Enterprise,None,2025-05-04,28
547,Daniel Gonzalez,Enterprise,Silver,2025-04-13,12
548,Sandra Hernandez,Small Business,None,2024-01-13,1
549,Michael Hernandez,Small Business,None,2025-09-19,24
550,Thomas Davis,Enterprise,None,2025-04-27,18
551,Barbara Thomas,Consumer,Gold,2024-08-03,28
552,Lisa Ramirez,Consumer,Silver,2024-10-13,26
553,Yuki Perez,Small Business,Gold,2024-04-12,15
554,Diego Wilson,Consumer,Platinum,2024-07-19,25
555,Elizabeth Thomas,Consumer,None,2024-06-29,1
556,Carlos Moore,Consumer,Silver,2025-05-13,21
557,Yuki Johnson,Small Business,None,2024-04-11,26
558,Thomas Thomas,Small Business,None,2025-04-05,7
559,Lisa Moore,Consumer,None,2024-12-18,17
560,Liam Miller,Consumer,Silver,2024-10-18,12
561,Wei Harris,Consumer,None,2024-03-21,29
562,Elizabeth Ramirez,Small Business,None,2025-10-17,11
563,Sofia Jackson,Consumer,None,2024-03-14,26
564,Christopher Hernandez,Consumer,None,2024-09-30,19
565,Mark Harris,Consumer,Silver,2025-08-24,24
566,William Garcia,Small Business,Silver,2024-05-08,2
567,Jennifer Miller,Consumer,None,2025-02-10,11
568,Priya Moore,Small Business,Silver,2024-01-27,4
569,Jennifer Brown,Consumer,Silver,2025-09-24,17
570,Matthew Martinez,Small Business,None,2024-09-10,15
571,David Jones,Consumer,Silver,2024-06-23,34
572,Christopher Ramirez,Enterprise,Silver,2025-04-23,31
573,Sarah Moore,Enterprise,Silver,2024-05-18,29
574,Barbara Jackson,Small Business,Gold,2025-10-08,30
575,Margaret Taylor,Consumer,None,2024-12-21,20
576,Jennifer Anderson,Consumer,None,2025-01-09,20
577,James Smith,Consumer,Silver,2024-05-19,34
578,James Thompson,Consumer,Gold,2025-05-03,32
579,Charles Martin,Consumer,None,2024-01-08,15
580,Diego Wilson,Consumer,Silver,2024-09-12,26
581,Matthew Clark,Consumer,None,2024-08-13,25
582,Jessica Taylor,Consumer,Silver,2024-10-18,18
583,Sarah Wilson,Consumer,None,2024-03-11,13
584,Sandra Martin,Small Business,Silver,2024-10-05,29
585,Christopher Smith,Enterprise,None,2024-02-20,10
586,Michael Martinez,Small Business,Silver,2024-05-08,18
587,Joseph Williams,Consumer,None,2024-01-16,10
588,Karen Sanchez,Consumer,Gold,2025-01-15,32
589,Nancy Williams,Consumer,None,2024-02-27,10
590,Aisha Thomas,Small Business,None,2024-07-15,12
591,Matthew Clark,Enterprise,Silver,2024-05-04,1
592,Matthew Harris,Small Business,None,2024-09-10,29
593,Sandra White,Small Business,None,2025-06-17,7
594,Matthew Perez,Consumer,Silver,2024-11-26,20
595,Diego Taylor,Consumer,None,2024-09-16,8
596,Lisa Lewis,Consumer,None,2025-11-13,4
597,Margaret Hernandez,Small Business,Silver,2024-06-20,1
598,Betty Sanchez,Enterprise,Silver,2024-01-10,16
599,Priya Thompson,Small Business,None,2025-01-15,10
600,Wei Williams,Consumer,None,2025-10-02,22
601,Elizabeth Thompson,Consumer,None,2024-05-08,7
602,Diego Sanchez,Small Business,None,2025-03-25,23
603,Matthew Lopez,Small Business,Silver,2024-09-13,9
604,Mark Moore,Small Business,None,2025-07-09,19
605,Barbara Moore,Small Business,None,2024-11-27,23
606,Liam Robinson,Consumer,None,2024-03-11,11
607,Thomas Moore,Consumer,Silver,2025-04-09,24
608,Matthew White,Consumer,None,2024-01-20,12
609,Sofia Davis,Small Business,Silver,2024-03-05,21
610,Matthew Miller,Consumer,Silver,2025-11-30,34
611,Sofia Martinez,Consumer,None,2025-02-23,21
612,Carlos Perez,Small Business,None,2024-02-14,5
613,Robert Miller,Consumer,None,2025-05-12,7
614,Matthew Perez,Consumer,Silver,2025-06-22,32
615,Patricia Lopez,Small Business,None,2025-09-12,15
616,Susan Lee,Consumer,Silver,2024-03-22,32
617,Lisa Moore,Small Business,None,2025-01-12,27
618,Sofia Rodriguez,Small Business,Gold,2024-02-11,34
619,John Miller,Consumer,None,2024-04-09,34
620,Matthew Miller,Small Business,Silver,2025-06-22,13
621,Barbara Moore,Small Business,Silver,2024-04-18,27
622,Sandra Thompson,Consumer,None,2024-04-16,28
623,Betty Taylor,Consumer,Platinum,2025-11-04,22
624,Mark Robinson,Consumer,Platinum,2024-11-18,23
625,Lisa Wilson,Consumer,Silver,2024-11-27,28
626,Susan Gonzalez,Enterprise,None,2025-01-03,17
627,Betty Smith,Consumer,Silver,2024-10-18,3
628,Karen Smith,Consumer,None,2024-08-15,20
629,Sarah Robinson,Consumer,Silver,2025-07-23,33
630,Michael Johnson,Consumer,None,2024-12-30,30
631,Amara Davis,Small Business,None,2024-09-19,15
632,Betty Jackson,Small Business,Gold,2024-03-20,14
633,Barbara Thomas,Consumer,None,2025-09-01,7
634,Yuki Gonzalez,Enterprise,None,2024-02-27,6
635,Margaret Wilson,Small Business,Gold,2024-08-20,8
636,James Lee,Consumer,None,2024-02-25,25
637,Aisha Jackson,Consumer,None,2024-11-30,10
638,Patricia Perez,Small Business,Silver,2025-04-01,26
639,Jennifer Davis,Small Business,None,2024-10-23,28
640,Nancy Williams,Small Business,Silver,2025-08-08,31
641,Thomas Williams,Consumer,Silver,2025-05-28,26
642,David Thomas,Consumer,Silver,2025-05-14,13
643,Diego Martin,Consumer,None,2024-09-09,34
644,Margaret Hernandez,Small Business,None,2024-04-25,6
645,Daniel Miller,Consumer,None,2024-12-18,21
646,Karen Garcia,Small Business,Gold,2025-09-23,23
647,Sofia Jones,Enterprise,None,2024-02-15,29
648,Lisa Jones,Small Business,None,2024-04-25,6
649,Sofia Robinson,Consumer,Silver,2024-10-21,10
650,Linda Martinez,Consumer,None,2025-04-27,29
651,Aisha Miller,Consumer,None,2025-07-13,14
652,Priya Martin,Consumer,Silver,2025-11-15,10
653,Carlos Johnson,Consumer,None,2024-06-23,17
654,Sofia Rodriguez,Small Business,None,2025-04-21,4
655,Matthew Perez,Small Business,Silver,2025-11-09,18
656,Michael Smith,Consumer,Platinum,2025-10-26,19
657,Fatima Thompson,Consumer,Silver,2024-11-19,7
658,Jennifer Garcia,Enterprise,Silver,2025-05-27,13
659,Mary Johnson,Consumer,Silver,2025-06-26,16
660,William Smith,Consumer,Silver,2025-12-01,23
661,Jessica Taylor,Consumer,Gold,2024-03-04,18
662,Mary Moore,Consumer,Gold,2024-08-18,18
663,David Williams,Enterprise,Silver,2025-06-17,25
664,Joseph Wilson,Consumer,Platinum,2025-08-09,16
665,Liam Hernandez,Consumer,Silver,2025-07-09,29
666,Amara Moore,Consumer,Silver,2024-05-21,13
667,Carlos Robinson,Enterprise,Platinum,2025-03-16,9
668,Elizabeth Lee,Consumer,Silver,2024-11-21,11
669,Linda Garcia,Small Business,Gold,2024-05-29,21
670,Anthony Wilson,Small Business,Gold,2025-03-29,20
671,Sarah Jones,Consumer,None,2024-04-19,13
672,Sofia Martin,Consumer,None,2025-09-12,18
673,Joseph Davis,Consumer,Gold,2025-01-02,2
674,David Taylor,Consumer,Gold,2025-10-27,31
675,Wei Thomas,Consumer,None,2024-06-16,9
676,James Robinson,Consumer,Silver,2025-02-26,18
677,Richard Harris,Consumer,Platinum,2024-03-08,14
678,Mark Ramirez,Small Business,Gold,2024-11-28,32
679,Margaret Gonzalez,Small Business,None,2025-09-14,3
680,Christopher Gonzalez,Small Business,Gold,2025-10-18,34
681,Carlos Brown,Small Business,None,2025-04-12,29
682,Jessica Taylor,Consumer,Silver,2024-02-10,26
683,Patricia Miller,Consumer,None,2025-03-26,19
684,Charles Anderson,Consumer,Gold,2025-03-08,11
685,Carlos Lewis,Small Business,Silver,2025-04-19,10
686,Fatima Brown,Enterprise,Silver,2025-08-22,12
687,David Gonzalez,Consumer,None,2024-11-27,27
688,Amara Lewis,Consumer,None,2025-04-10,13
689,William Thompson,Consumer,None,2024-04-03,8
690,Lisa Williams,Small Business,Platinum,2025-01-28,34
691,Sofia Garcia,Consumer,Gold,2025-07-17,25
692,Nancy Jackson,Small Business,None,2024-06-15,10
693,Patricia Wilson,Small Business,Platinum,2024-11-12,20
694,Charles Lee,Small Business,Platinum,2024-04-30,12
695,James Martin,Consumer,Gold,2024-01-13,17
696,Aisha Sanchez,Small Business,None,2025-09-14,1
697,Amara Perez,Consumer,None,2025-04-09,31
698,Liam Smith,Consumer,Silver,2025-07-14,16
699,Susan Johnson,Consumer,None,2024-05-31,12
700,Elizabeth Ramirez,Consumer,Silver,2025-11-14,3
701,Nancy Robinson,Consumer,Platinum,2024-02-20,6
702,William Perez,Small Business,Silver,2025-09-17,19
703,Yuki Sanchez,Small Business,None,2025-04-11,12
704,Robert Williams,Consumer,None,2024-11-26,20
705,John Harris,Consumer,Silver,2025-07-17,28
706,Linda Thompson,Consumer,Silver,2024-12-03,18
707,Susan Martin,Consumer,Platinum,2024-04-21,4
708,Carlos Williams,Enterprise,Platinum,2025-09-11,31
709,Charles Wilson,Consumer,Platinum,2024-09-22,21
710,Daniel Robinson,Consumer,Silver,2025-09-21,9
711,Wei Thomas,Consumer,None,2025-09-16,12
712,Richard Smith,Consumer,Gold,2024-01-25,8
713,Susan Sanchez,Consumer,None,2025-02-27,27
714,Susan Smith,Consumer,None,2024-10-15,13
715,Karen Taylor,Consumer,None,2024-01-07,21
716,Betty White,Consumer,Gold,2024-06-28,2
717,Priya Robinson,Consumer,Silver,2024-02-06,31
718,Sandra Lewis,Small Business,None,2025-04-18,22
719,Patricia Clark,Consumer,Silver,2024-11-02,34
720,Diego Moore,Consumer,None,2024-08-01,2
721,Daniel Williams,Small Business,None,2024-10-14,10
722,Matthew Lee,Consumer,None,2025-08-07,11
723,Linda Ramirez,Small Business,None,2024-11-18,20
724,Jennifer Thomas,Consumer,Platinum,2025-01-15,16
725,Susan Taylor,Consumer,Gold,2024-06-28,20
726,Richard Robinson,Consumer,Gold,2025-03-30,6
727,Fatima Jones,Enterprise,Silver,2024-12-14,13
728,Carlos Martinez,Small Business,None,2024-05-26,21
729,Carlos Perez,Small Business,Silver,2024-07-29,9
730,Carlos Brown,Enterprise,Silver,2024-11-14,1
731,Liam Ramirez,Consumer,None,2024-12-07,6
732,Carlos Harris,Consumer,None,2024-01-24,20
733,Susan Hernandez,Consumer,Silver,2024-07-16,13
734,Mark Perez,Consumer,None,2024-10-06,8
735,James Martin,Consumer,None,2024-04-14,33
736,Christopher Rodriguez,Consumer,None,2024-10-17,10
737,Karen Martin,Consumer,None,2025-07-07,22
738,Priya Lewis,Consumer,None,2024-04-18,4
739,Betty Garcia,Consumer,None,2025-09-23,29
740,Richard Thompson,Consumer,None,2025-04-21,6
741,Sandra Brown,Small Business,Silver,2024-11-13,30
742,Sandra Thomas,Consumer,Gold,2024-08-17,15
743,Thomas Robinson,Consumer,Gold,2025-02-05,24
744,Nancy Sanchez,Consumer,None,2025-04-09,21
745,Linda Lopez,Small Business,None,2025-04-17,31
746,Daniel Martin,Consumer,Gold,2025-06-04,9
747,Michael Hernandez,Consumer,None,2024-11-05,5
748,Anthony Davis,Consumer,Silver,2025-07-15,16
749,John Hernandez,Consumer,Platinum,2025-08-28,14
750,Yuki Sanchez,Small Business,None,2025-07-11,22
751,John White,Consumer,Silver,2024-04-27,32
752,Diego Brown,Consumer,None,2024-06-29,29
753,Liam Brown,Consumer,Silver,2024-12-01,25
754,Jennifer Miller,Enterprise,Silver,2025-08-17,9
755,James Harris,Consumer,Silver,2025-11-07,10
756,Matthew Martin,Consumer,Gold,2024-07-19,29
757,Karen Jackson,Small Business,Gold,2025-03-21,20
758,Jennifer Jackson,Enterprise,None,2025-09-18,1
759,David Ramirez,Consumer,Silver,2024-03-04,19
760,Patricia Smith,Small Business,Gold,2024-04-22,23
761,Jessica Wilson,Consumer,None,2025-10-02,26
762,Matthew Wilson,Consumer,None,2025-11-09,14
763,Diego Gonzalez,Consumer,Platinum,2025-03-03,24
764,David Jones,Consumer,None,2024-03-14,1
765,Wei Perez,Consumer,Silver,2024-05-19,28
766,Anthony Ramirez,Enterprise,Silver,2025-09-10,30
767,Sandra Taylor,Small Business,None,2025-07-19,28
768,Joseph Garcia,Consumer,Silver,2025-09-11,28
769,Jessica Thompson,Consumer,Silver,2024-10-02,33
770,Lisa Johnson,Consumer,None,2025-08-04,3
771,Amara Thomas,Small Business,Silver,2024-05-25,6
772,Sarah Anderson,Consumer,Silver,2024-03-21,34
773,Jessica Thomas,Consumer,Gold,2025-12-01,5
774,Karen Martin,Consumer,None,2024-12-17,4
775,Sandra Taylor,Small Business,None,2025-08-10,31
776,Charles Martinez,Small Business,Silver,2024-02-06,11
777,Karen White,Consumer,Silver,2024-03-03,17
778,Yuki Johnson,Consumer,Silver,2025-10-01,19
779,David Taylor,Consumer,Silver,2024-10-11,5
780,Sarah Ramirez,Small Business,Silver,2024-01-15,17
781,Amara White,Consumer,Gold,2025-11-05,10
782,Thomas Sanchez,Consumer,Silver,2025-05-11,16
783,Robert Hernandez,Consumer,Gold,2024-05-28,6
784,Wei Harris,Consumer,None,2025-01-27,27
785,William Miller,Consumer,Gold,2024-02-25,23
786,Linda Johnson,Consumer,None,2025-04-20,11
787,Aisha Davis,Small Business,Silver,2025-11-30,25
788,Elizabeth Taylor,Consumer,Gold,2024-01-13,28
789,Matthew Perez,Small Business,None,2025-06-26,21
790,Aisha Lee,Consumer,Silver,2025-03-18,23
791,Sarah Hernandez,Small Business,None,2024-09-30,18
792,Amara Gonzalez,Small Business,Silver,2025-11-22,30
793,Amara Harris,Consumer,Silver,2025-06-16,13
794,Barbara Hernandez,Consumer,None,2025-11-19,1
795,Anthony Brown,Small Business,None,2024-04-16,34
796,Charles Rodriguez,Consumer,None,2024-02-04,13
797,Liam Perez,Consumer,Silver,2025-09-05,14
798,Linda Williams,Small Business,Gold,2025-01-19,9
799,Yuki Sanchez,Small Business,None,2024-04-23,12
800,Sandra Perez,Consumer,Platinum,2025-10-16,5
801,Margaret Thompson,Consumer,None,2024-09-20,21
802,Patricia Gonzalez,Enterprise,None,2024-12-06,25
803,Thomas Garcia,Consumer,Gold,2024-03-12,29
804,Sofia Gonzalez,Consumer,None,2025-10-22,12
805,Margaret Miller,Small Business,None,2025-03-28,7
806,John Williams,Consumer,Silver,2025-04-01,17
807,James Robinson,Consumer,None,2025-11-11,3
808,Nancy Lewis,Consumer,Silver,2025-08-11,26
809,Wei Thomas,Small Business,Gold,2025-02-17,28
810,John Moore,Consumer,Silver,2024-01-04,15
811,Priya Brown,Small Business,None,2024-12-07,23
812,Jennifer Lopez,Small Business,Gold,2024-03-23,22
813,Charles Lee,Consumer,Platinum,2024-06-29,13
814,Richard Martinez,Consumer,None,2024-04-19,25
815,Jennifer Lewis,Consumer,None,2024-07-13,29
816,Amara Davis,Consumer,Silver,2025-02-02,32
817,Karen Thomas,Consumer,None,2024-01-17,29
818,Robert Gonzalez,Small Business,Silver,2024-08-04,8
819,Sandra Perez,Consumer,None,2025-08-16,10
820,Elizabeth Thomas,Enterprise,Silver,2025-04-27,2
821,Jessica Thompson,Consumer,None,2024-01-15,9
822,Karen Clark,Consumer,Gold,2025-04-12,7
823,John Clark,Consumer,Gold,2024-04-26,7
824,Joseph Williams,Consumer,Gold,2025-03-12,13
825,Betty Hernandez,Consumer,None,2025-12-01,8
826,Susan Harris,Consumer,None,2025-08-30,3
827,Sarah Jones,Small Business,Silver,2024-06-21,27
828,Mark Davis,Consumer,Gold,2024-05-16,3
829,Sofia Gonzalez,Small Business,None,2024-01-17,11
830,James Garcia,Consumer,None,2025-10-29,6
831,Priya Thompson,Consumer,None,2024-07-30,9
832,Mark Wilson,Consumer,None,2024-06-27,16
833,Barbara Thompson,Enterprise,Silver,2025-09-18,32
834,Karen Lopez,Consumer,None,2024-01-05,27
835,Carlos Brown,Consumer,Silver,2025-07-06,24
836,Susan Rodriguez,Consumer,None,2024-07-17,4
837,Priya Thomas,Small Business,None,2024-06-12,12
838,Lisa Martinez,Consumer,Silver,2025-03-21,14
839,Sandra Johnson,Enterprise,None,2024-02-23,7
840,Mary Thomas,Consumer,None,2024-04-28,33
841,Mark Jackson,Consumer,Silver,2025-03-05,21
842,Christopher Davis,Consumer,None,2024-11-29,8
843,Anthony Ramirez,Small Business,None,2025-01-19,13
844,Amara Thomas,Consumer,Gold,2025-03-22,4
845,Sandra Garcia,Consumer,Silver,2025-01-17,25
846,Daniel Rodriguez,Consumer,Silver,2024-12-09,13
847,Patricia Rodriguez,Small Business,Silver,2024-04-23,9
848,William Harris,Small Business,Silver,2024-08-13,22
849,Sofia Lewis,Enterprise,Gold,2025-08-14,11
850,Jennifer Wilson,Small Business,None,2025-05-15,34
851,Priya Clark,Consumer,None,2024-10-12,30
852,Jessica Davis,Consumer,Gold,2025-03-20,21
853,Amara Jones,Enterprise,None,2025-03-03,1
854,Priya White,Consumer,None,2024-02-04,33
855,Michael Anderson,Consumer,Gold,2024-09-03,32
856,Anthony Miller,Consumer,Silver,2025-01-02,9
857,Jennifer Smith,Consumer,Silver,2025-11-16,31
858,Yuki White,Consumer,None,2025-04-10,2
859,Betty Garcia,Consumer,Silver,2025-10-03,24
860,John Gonzalez,Consumer,None,2025-06-27,22
861,Sarah Thompson,Consumer,None,2024-03-23,14
862,Patricia Taylor,Consumer,None,2024-02-22,24
863,Sofia Johnson,Consumer,Silver,2025-01-10,24
864,John Moore,Enterprise,None,2024-05-21,14
865,Linda Lee,Small Business,Silver,2025-08-17,31
866,Joseph Hernandez,Consumer,None,2024-09-30,23
867,Patricia Williams,Consumer,Silver,2024-12-19,24
868,Linda Thomas,Consumer,Gold,2025-04-07,19
869,John Miller,Consumer,Gold,2024-03-30,30
870,Charles Williams,Consumer,Silver,2024-06-17,7
871,Wei Jones,Enterprise,None,2025-06-17,14
872,Anthony Perez,Consumer,None,2025-04-30,9
873,Mary Martinez,Consumer,Gold,2024-03-05,13
874,Carlos Lee,Consumer,Silver,2025-02-25,22
875,Christopher Thomas,Consumer,None,2025-07-15,34
876,David Lewis,Small Business,None,2024-06-24,20
877,Lisa Martinez,Consumer,Silver,2024-05-31,4
878,William Martin,Consumer,Platinum,2025-07-02,11
879,Elizabeth Garcia,Consumer,None,2024-04-29,16
880,David Anderson,Consumer,Silver,2025-01-13,17
881,Robert Perez,Consumer,None,2024-12-18,21
882,William Moore,Enterprise,None,2024-05-04,20
883,Wei Harris,Enterprise,None,2025-04-14,10
884,Aisha Taylor,Small Business,Silver,2025-10-24,22
885,Charles Harris,Small Business,Gold,2025-08-01,10
886,Nancy Thompson,Enterprise,None,2025-05-05,8
887,Diego Brown,Consumer,Gold,2024-01-26,20
888,Mark Lopez,Consumer,Silver,2024-11-30,6
889,Amara Taylor,Consumer,None,2024-10-11,15
890,Mark Perez,Consumer,Silver,2025-06-08,6
891,Liam Martin,Enterprise,None,2024-02-27,33
892,Elizabeth Thompson,Consumer,None,2025-01-13,28
893,Daniel Lopez,Small Business,None,2025-04-01,20
894,Mark White,Consumer,Gold,2025-03-29,27
895,Margaret White,Small Business,Silver,2024-05-22,27
896,Elizabeth Miller,Enterprise,Silver,2025-05-01,20
897,Nancy Williams,Consumer,Silver,2024-03-31,25
898,Sarah Wilson,Consumer,Silver,2025-07-23,12
899,David Miller,Consumer,Silver,2025-01-25,12
900,Karen Clark,Consumer,Silver,2025-05-20,20
901,Mary Sanchez,Consumer,Platinum,2024-06-06,1
902,Priya Brown,Consumer,Gold,2025-03-03,19
903,Jessica Smith,Consumer,Platinum,2024-10-10,8
904,Liam White,Consumer,None,2025-08-18,24
905,Thomas Lee,Consumer,Silver,2024-05-02,31
906,Mary Ramirez,Consumer,None,2024-06-15,17
907,Sandra Lewis,Consumer,None,2024-12-31,9
908,Anthony Lee,Consumer,Silver,2024-02-19,23
909,John Taylor,Consumer,None,2025-10-05,13
910,William Moore,Small Business,Silver,2024-11-19,21
911,Karen Rodriguez,Consumer,None,2024-04-08,24
912,Elizabeth Smith,Consumer,Gold,2025-06-14,9
913,Anthony Hernandez,Consumer,Silver,2024-04-14,11
914,Richard Sanchez,Small Business,Silver,2025-06-28,34
915,Linda Wilson,Consumer,None,2024-03-19,30
916,Mary Thomas,Small Business,None,2024-11-15,23
917,Mark Lewis,Consumer,None,2024-12-16,34
918,Linda Davis,Small Business,None,2024-05-25,9
919,Susan Jones,Small Business,Gold,2025-03-11,6
920,John Smith,Consumer,None,2025-03-17,31
921,Fatima Jackson,Consumer,None,2025-04-25,4
922,John Martinez,Small Business,Gold,2024-04-08,1
923,Susan Jackson,Small Business,None,2024-07-08,13
924,Elizabeth Ramirez,Consumer,None,2025-08-16,18
925,Fatima Harris,Consumer,None,2025-06-01,16
926,Amara Harris,Consumer,None,2025-06-25,1
927,Charles Garcia,Enterprise,Gold,2024-04-11,1
928,Priya Lopez,Small Business,None,2025-03-26,12
929,Daniel Gonzalez,Consumer,None,2024-08-07,28
930,Christopher Brown,Consumer,Silver,2024-04-22,30
931,Lisa Thompson,Small Business,None,2025-07-24,19
932,Wei Brown,Consumer,Silver,2024-10-17,25
933,Mark Davis,Enterprise,None,2024-10-24,27
934,John Lewis,Consumer,None,2025-11-26,31
935,Wei Perez,Consumer,Silver,2025-02-09,7
936,Jennifer Brown,Consumer,Silver,2025-02-08,10
937,Michael White,Consumer,None,2024-03-07,11
938,Richard Martin,Consumer,None,2024-05-05,26
939,Wei Rodriguez,Enterprise,None,2025-10-21,18
940,Liam Gonzalez,Consumer,Gold,2025-06-07,32
941,Michael Brown,Consumer,Silver,2025-05-16,17
942,David Smith,Small Business,Silver,2024-02-24,7
943,Mary Garcia,Small Business,None,2025-09-11,25
944,Sofia Martin,Small Business,Silver,2024-03-19,7
945,Wei Sanchez,Consumer,Silver,2024-07-25,30
946,Fatima Rodriguez,Consumer,Platinum,2025-07-07,22
947,Robert Wilson,Consumer,Gold,2025-01-27,8
948,Mark Anderson,Consumer,Silver,2024-02-03,3
949,Karen Lewis,Consumer,None,2025-05-18,11
950,Matthew Thomas,Small Business,Silver,2025-08-05,8
951,Aisha Jackson,Consumer,None,2025-05-02,31
952,Patricia Gonzalez,Consumer,None,2025-05-21,17
953,Daniel Harris,Consumer,Silver,2024-11-24,19
954,David Clark,Small Business,Silver,2024-12-23,24
955,Nancy Gonzalez,Consumer,None,2025-03-14,7
956,Daniel Johnson,Consumer,None,2024-09-10,16
957,Jennifer Robinson,Consumer,None,2024-11-08,5
958,Aisha Hernandez,Small Business,None,2025-04-16,3
959,Fatima Lewis,Consumer,Silver,2024-09-30,27
960,Mary Hernandez,Consumer,Silver,2025-08-07,25
961,Wei Brown,Consumer,Gold,2024-12-10,14
962,Nancy Garcia,Enterprise,None,2025-01-07,20
963,John Clark,Consumer,None,2024-10-21,14
964,Yuki Gonzalez,Small Business,None,2025-10-01,15
965,Amara Brown,Consumer,Gold,2024-10-06,22
966,Priya Wilson,Small Business,Silver,2024-12-21,14
967,Karen Taylor,Small Business,None,2025-03-19,20
968,Anthony Gonzalez,Consumer,Silver,2025-10-01,17
969,Diego Garcia,Small Business,Gold,2025-10-04,2
970,Yuki Thomas,Enterprise,Silver,2025-11-07,14
971,Sandra Rodriguez,Small Business,None,2025-08-02,28
972,Richard Lopez,Consumer,Silver,2024-05-31,30
973,Karen Ramirez,Consumer,Gold,2025-02-24,28
974,John Lee,Consumer,None,2025-02-26,14
975,William Rodriguez,Consumer,None,2025-02-19,16
976,Mary Davis,Consumer,Platinum,2025-04-20,20
977,Margaret Lee,Consumer,None,2024-07-25,3
978,Thomas Sanchez,Consumer,Silver,2025-11-05,18
979,Robert White,Consumer,Gold,2024-01-21,32
980,Christopher Martin,Enterprise,None,2024-03-06,20
981,Lisa Perez,Enterprise,Silver,2025-02-10,6
982,David Davis,Small Business,Platinum,2025-08-07,8
983,Carlos Perez,Consumer,None,2024-09-14,34
984,Liam Brown,Small Business,Silver,2024-12-03,21
985,Jessica Robinson,Consumer,None,2024-08-11,28
986,Sarah Anderson,Small Business,None,2024-09-17,27
987,Aisha Lopez,Consumer,Silver,2024-11-20,8
988,Jessica Rodriguez,Consumer,None,2025-01-06,10
989,Karen Smith,Small Business,None,2025-11-09,3
990,Jessica Rodriguez,Consumer,Silver,2024-11-12,25
991,Linda Moore,Consumer,Gold,2025-03-29,16
992,Betty Robinson,Consumer,Gold,2024-11-04,17
993,Jessica Martinez,Enterprise,Silver,2024-06-13,14
994,Anthony Sanchez,Small Business,Gold,2024-10-07,3
995,Wei Thomas,Small Business,Gold,2024-12-06,27
996,Michael Clark,Consumer,None,2024-09-24,11
997,Liam White,Small Business,Gold,2025-04-09,21
998,Barbara Lee,Consumer,None,2025-10-18,29
999,Karen Hernandez,Consumer,Silver,2024-04-23,6
1000,David Ramirez,Consumer,Gold,2024-11-23,27
1001,David Rodriguez,Small Business,Gold,2025-08-30,12
1002,Richard Williams,Consumer,Gold,2025-01-11,27
1003,Yuki Davis,Enterprise,Silver,2024-01-24,2
1004,Joseph Robinson,Consumer,Silver,2025-04-18,6
1005,William Johnson,Consumer,None,2025-09-24,26
1006,Jennifer Lopez,Consumer,Silver,2025-08-03,11
1007,Margaret Harris,Consumer,None,2025-11-20,30
1008,Susan Miller,Small Business,None,2024-10-21,18
1009,Margaret Ramirez,Consumer,Gold,2025-09-06,14
1010,Richard Wilson,Small Business,None,2025-02-22,12
1011,Thomas Davis,Consumer,Silver,2024-09-11,29
1012,Sandra Williams,Consumer,None,2025-04-25,1
1013,Betty Perez,Small Business,Silver,2025-01-27,14
1014,Thomas Williams,Consumer,None,2025-07-24,7
1015,Jessica Thomas,Enterprise,Platinum,2025-09-12,23
1016,Liam Thompson,Consumer,Silver,2024-01-06,3
1017,Karen Gonzalez,Enterprise,Silver,2024-05-15,24
1018,Amara Garcia,Consumer,Platinum,2024-06-22,17
1019,Sandra Jones,Small Business,None,2024-11-20,6
1020,Thomas Brown,Enterprise,Silver,2024-02-15,21
1021,Sarah White,Consumer,Gold,2025-03-16,24
1022,Sofia Clark,Consumer,Gold,2025-06-13,17
1023,Christopher White,Consumer,Gold,2024-06-03,32
1024,Mark Johnson,Consumer,None,2024-06-01,13
1025,Priya Rodriguez,Consumer,Platinum,2025-04-23,11
1026,Wei Johnson,Enterprise,Silver,2024-12-31,29
1027,Sandra Thomas,Consumer,None,2024-05-31,8
1028,Charles Garcia,Small Business,Silver,2025-06-04,11
1029,Amara Miller,Small Business,None,2025-06-22,1
1030,John Davis,Consumer,None,2025-11-24,32
1031,Charles Perez,Consumer,Gold,2025-02-07,8
1032,Michael Clark,Consumer,Silver,2024-06-06,21
1033,Priya Anderson,Small Business,None,2025-08-31,18
1034,Robert Lee,Enterprise,Platinum,2024-11-28,29
1035,Yuki Jones,Small Business,None,2024-02-19,14
1036,Patricia White,Enterprise,None,2025-07-14,5
1037,Betty Rodriguez,Enterprise,Gold,2024-09-02,12
1038,Jennifer Smith,Consumer,None,2024-06-15,14
1039,Elizabeth Brown,Small Business,Silver,2025-05-17,20
1040,Karen Lewis,Small Business,Gold,2025-01-02,9
1041,Fatima Miller,Small Business,Silver,2025-04-01,32
1042,Yuki Martin,Small Business,Gold,2024-04-02,28
1043,Sofia Garcia,Consumer,None,2025-10-07,28
1044,Nancy Anderson,Small Business,None,2025-10-25,15
1045,Wei Taylor,Consumer,None,2024-03-26,34
1046,Priya Martinez,Small Business,None,2024-05-10,10
1047,Jessica Taylor,Consumer,Silver,2024-10-29,28
1048,Robert Taylor,Consumer,None,2025-06-06,7
1049,Yuki Clark,Consumer,None,2024-12-29,17
1050,Fatima Smith,Consumer,Gold,2025-11-08,8
1051,Betty Johnson,Small Business,None,2025-03-02,6
1052,Amara White,Consumer,Gold,2025-11-17,30
1053,Nancy Robinson,Consumer,Silver,2024-08-04,12
1054,Liam Rodriguez,Consumer,None,2025-03-20,7
1055,Linda Smith,Consumer,Silver,2025-11-02,11
1056,Liam White,Consumer,Platinum,2024-11-06,32
1057,Lisa Thompson,Consumer,None,2024-11-05,26
1058,Richard Brown,Small Business,None,2024-07-11,2
1059,Elizabeth Lee,Small Business,Gold,2025-03-22,16
1060,Aisha Miller,Small Business,None,2024-11-04,6
1061,Margaret Smith,Enterprise,Silver,2024-06-19,8
1062,Mark Thomas,Small Business,Silver,2024-01-21,31
1063,Richard Martinez,Consumer,None,2024-02-22,26
1064,Margaret Wilson,Consumer,Silver,2025-08-15,32
1065,Charles Johnson,Consumer,Silver,2025-02-13,32
1066,Sofia Robinson,Small Business,Silver,2024-08-25,32
1067,Margaret Jackson,Consumer,Gold,2025-07-20,21
1068,Anthony Lewis,Consumer,Platinum,2024-04-29,31
1069,Daniel Anderson,Consumer,Silver,2024-01-22,28
1070,Priya Lopez,Consumer,Silver,2024-08-25,29
1071,Nancy Robinson,Small Business,Silver,2024-05-14,30
1072,Matthew Wilson,Small Business,Gold,2025-04-28,24
1073,Sofia Miller,Small Business,None,2024-03-29,19
1074,Richard Garcia,Small Business,Platinum,2024-04-13,32
1075,Wei Martinez,Consumer,Platinum,2024-08-02,16
1076,Daniel Lewis,Small Business,None,2024-12-31,17
1077,Fatima Johnson,Consumer,Silver,2024-12-11,5
1078,Linda Moore,Consumer,None,2025-05-13,15
1079,Daniel Harris,Consumer,None,2025-07-24,3
1080,Fatima Martin,Enterprise,None,2024-02-21,7
1081,Sandra Clark,Small Business,Silver,2024-04-18,8
1082,Michael Clark,Consumer,Silver,2025-06-03,3
1083,Susan Robinson,Small Business,Silver,2024-06-09,24
1084,Fatima Thomas,Consumer,None,2024-06-06,7
1085,David Brown,Enterprise,Gold,2025-03-25,13
1086,James Davis,Consumer,None,2024-12-15,31
1087,Sarah Lopez,Consumer,None,2025-01-04,27
1088,Carlos Wilson,Small Business,None,2024-05-21,15
1089,Anthony Lewis,Small Business,None,2025-06-12,30
1090,Mary Anderson,Small Business,Silver,2024-01-11,10
1091,John Williams,Consumer,Gold,2024-11-18,22
1092,Margaret Johnson,Small Business,Silver,2024-02-07,26
1093,Yuki Johnson,Consumer,Gold,2024-10-29,34
1094,Diego Ramirez,Enterprise,None,2024-11-17,20
1095,Sarah Lewis,Enterprise,Silver,2025-09-17,34
1096,Mark Lee,Consumer,Silver,2025-07-11,14
1097,Mark Thompson,Consumer,None,2025-10-26,23
1098,Karen Williams,Consumer,Silver,2025-07-04,3
1099,David Taylor,Consumer,Silver,2024-08-06,19
1100,Carlos Hernandez,Consumer,Gold,2024-01-24,11
1101,Amara Rodriguez,Small Business,Platinum,2024-11-07,16
1102,Linda White,Consumer,Silver,2025-01-16,4
1103,Linda Johnson,Consumer,Silver,2025-04-04,8
1104,Sandra Hernandez,Consumer,Gold,2025-08-18,16
1105,Aisha Ramirez,Consumer,Silver,2024-12-24,15
1106,Yuki Perez,Consumer,None,2025-01-21,9
1107,Christopher Taylor,Consumer,None,2025-01-04,13
1108,Margaret Clark,Consumer,None,2024-03-24,27
1109,David Thomas,Consumer,Silver,2025-04-01,14
1110,Betty Jackson,Small Business,Silver,2025-02-08,34
1111,Margaret Anderson,Small Business,None,2025-03-02,32
1112,David Thomas,Enterprise,Silver,2024-05-12,30
1113,Carlos Brown,Consumer,Silver,2025-04-11,14
1114,Diego Lopez,Small Business,None,2025-09-08,8
1115,Lisa Jackson,Consumer,None,2024-02-11,19
1116,Karen Lopez,Consumer,Gold,2024-10-28,20
1117,Elizabeth Sanchez,Enterprise,None,2024-02-19,27
1118,Charles Miller,Consumer,Silver,2025-05-15,12
1119,John Ramirez,Consumer,None,2025-03-03,3
1120,Mark Lewis,Consumer,Silver,2025-01-21,22
1121,Liam Jones,Consumer,Gold,2025-05-31,9
1122,Mark Jones,Small Business,Silver,2024-04-01,21
1123,Anthony Gonzalez,Consumer,None,2025-02-08,15
1124,Mark White,Consumer,None,2025-10-23,18
1125,Mary Jackson,Consumer,Silver,2025-07-28,20
1126,Jennifer Miller,Consumer,Gold,2025-08-06,4
1127,Fatima Lewis,Small Business,Silver,2024-05-03,2
1128,Mary Rodriguez,Small Business,Gold,2024-09-08,14
1129,Amara Anderson,Consumer,None,2025-06-30,6
1130,Robert Thomas,Consumer,None,2024-12-14,2
1131,Carlos Hernandez,Consumer,Platinum,2024-09-20,25
1132,Aisha Garcia,Consumer,Gold,2024-05-27,19
1133,Elizabeth Martinez,Consumer,Silver,2025-11-25,27
1134,Christopher Garcia,Consumer,None,2024-02-29,2
1135,Elizabeth Wilson,Consumer,Gold,2024-09-21,21
1136,Linda Johnson,Small Business,Silver,2024-09-02,13
1137,Wei Taylor,Enterprise,None,2025-01-29,33
1138,Christopher Anderson,Consumer,None,2024-03-08,27
1139,Joseph Robinson,Consumer,Silver,2024-10-02,2
1140,Michael Davis,Consumer,None,2024-11-07,9
1141,Fatima Miller,Consumer,None,2025-01-17,10
1142,Jessica Moore,Consumer,None,2025-07-22,28
1143,Sandra Clark,Enterprise,None,2025-10-30,19
1144,Priya Rodriguez,Consumer,None,2025-11-27,17
1145,Susan Jackson,Consumer,Silver,2024-10-15,33
1146,Yuki Williams,Consumer,None,2024-04-01,20
1147,David White,Consumer,Silver,2025-03-18,18
1148,Christopher Lewis,Consumer,Gold,2025-10-12,22
1149,Mark Rodriguez,Enterprise,None,2025-11-09,16
1150,Sandra Martin,Enterprise,None,2024-01-17,22
1151,James Martin,Enterprise,Silver,2024-01-05,31
1152,Anthony Moore,Consumer,Gold,2025-02-06,32
1153,John Moore,Consumer,None,2025-11-18,2
1154,Matthew Clark,Consumer,Gold,2025-01-31,23
1155,James Brown,Enterprise,None,2025-01-14,30
1156,Joseph White,Small Business,Silver,2024-10-14,2
1157,Richard Williams,Consumer,Silver,2024-08-14,20
1158,Lisa Johnson,Enterprise,Silver,2025-05-19,18
1159,Susan Smith,Consumer,Gold,2025-10-15,13
1160,Yuki Taylor,Consumer,Silver,2024-06-23,32
1161,Yuki Perez,Consumer,Silver,2024-03-07,12
1162,David Rodriguez,Small Business,None,2025-06-19,15
1163,Mary Thompson,Consumer,Silver,2025-11-28,17
1164,Margaret Lee,Consumer,Platinum,2024-11-26,4
1165,Sarah Brown,Consumer,Silver,2025-04-22,34
1166,Robert Lewis,Consumer,None,2024-02-18,15
1167,Mark Hernandez,Consumer,None,2025-02-05,1
1168,Yuki Sanchez,Enterprise,None,2024-08-19,2
1169,John Robinson,Consumer,None,2024-07-20,16
1170,Michael Smith,Small Business,Silver,2025-03-18,31
1171,Nancy Clark,Consumer,None,2024-09-10,17
1172,Nancy Clark,Consumer,None,2024-12-07,4
1173,John Harris,Consumer,Silver,2024-04-07,29
1174,Jennifer Johnson,Consumer,Gold,2025-01-21,3
1175,John Sanchez,Enterprise,None,2024-03-04,9
1176,Karen Martin,Consumer,None,2024-03-08,28
1177,Patricia Martinez,Consumer,Gold,2025-02-15,25
1178,Joseph Ramirez,Consumer,Gold,2025-04-09,1
1179,Sofia Martin,Small Business,Silver,2024-12-13,7
1180,Mary Anderson,Consumer,None,2024-12-02,34
1181,James Martin,Small Business,None,2025-08-30,5
1182,Yuki Jones,Consumer,Silver,2024-09-19,33
1183,Sofia Anderson,Consumer,None,2024-09-05,12
1184,David Martinez,Enterprise,Gold,2025-06-09,28
1185,Karen Jackson,Consumer,Silver,2024-05-30,10
1186,Charles Lopez,Consumer,Silver,2025-06-14,1
1187,Patricia Davis,Small Business,None,2025-07-26,33
1188,Richard Miller,Consumer,Silver,2024-03-11,13
1189,Sandra Martin,Consumer,None,2025-08-15,22
1190,Karen Wilson,Consumer,Gold,2024-06-15,22
1191,Robert Thomas,Consumer,Silver,2024-01-04,15
1192,Sandra Martin,Consumer,Gold,2024-09-01,14
1193,Nancy Sanchez,Consumer,Gold,2024-07-29,25
1194,James Lopez,Consumer,Silver,2024-03-16,1
1195,Elizabeth Martinez,Consumer,Gold,2024-07-18,29
1196,Lisa Johnson,Consumer,None,2024-07-22,2
1197,Thomas White,Small Business,None,2024-12-13,12
1198,Richard Smith,Enterprise,None,2024-09-25,12
1199,David Gonzalez,Enterprise,None,2024-12-12,8
1200,Jessica Lopez,Consumer,Silver,2025-11-07,24
1201,Sofia Lewis,Consumer,Gold,2024-03-07,28
1202,David Sanchez,Consumer,Silver,2024-07-15,13
1203,Christopher Martin,Consumer,None,2025-10-13,28
1204,Sofia Jackson,Consumer,None,2025-07-02,13
1205,Jessica Johnson,Small Business,Platinum,2024-05-09,18
1206,Wei Miller,Small Business,Silver,2025-04-26,6
1207,William Taylor,Small Business,None,2025-10-22,25
1208,Carlos Anderson,Small Business,Silver,2024-11-25,12
1209,Priya Thompson,Consumer,None,2025-04-30,32
1210,Amara Lee,Consumer,None,2024-07-31,3
1211,Jessica Gonzalez,Consumer,None,2024-11-09,14
1212,William Robinson,Consumer,None,2024-09-17,24
1213,Jennifer Martinez,Consumer,Silver,2025-06-15,29
1214,Sandra Taylor,Consumer,None,2025-03-12,22
1215,Lisa Sanchez,Consumer,None,2024-11-20,32
1216,Mark Davis,Consumer,Gold,2025-10-22,17
1217,Charles Clark,Consumer,None,2025-06-09,33
1218,Sarah Robinson,Consumer,None,2024-04-10,15
1219,Aisha Miller,Small Business,None,2024-07-20,22
1220,Sarah Miller,Enterprise,None,2025-07-10,9
1221,Karen Martinez,Enterprise,Gold,2025-02-17,23
1222,James Thomas,Small Business,None,2024-06-01,33
1223,Susan Thomas,Consumer,Silver,2025-06-12,15
1224,Sandra White,Small Business,None,2024-12-14,30
1225,Richard Wilson,Consumer,Gold,2024-08-02,27
1226,Mary Lopez,Small Business,None,2025-08-14,9
1227,James Thomas,Consumer,None,2024-12-13,23
1228,Betty Harris,Consumer,Silver,2024-11-29,20
1229,Robert Robinson,Enterprise,Platinum,2024-06-06,9
1230,Yuki Lee,Consumer,None,2025-01-25,26
1231,Aisha Gonzalez,Consumer,Silver,2025-05-01,13
1232,Mark Lee,Consumer,Silver,2024-04-05,20
1233,Barbara Johnson,Consumer,None,2024-01-28,32
1234,Matthew Martinez,Consumer,Silver,2024-08-26,14
1235,Sandra Johnson,Consumer,None,2025-06-14,24
1236,Anthony Gonzalez,Consumer,None,2024-04-23,11
1237,John Gonzalez,Small Business,None,2024-05-13,14
1238,Priya Garcia,Consumer,Silver,2025-08-24,20
1239,Sandra Rodriguez,Enterprise,None,2024-01-08,13
1240,Betty Martin,Consumer,Silver,2025-06-22,16
1241,Wei Anderson,Consumer,None,2025-08-12,30
1242,Sandra Lopez,Consumer,Gold,2025-02-04,20
1243,Barbara Wilson,Small Business,Silver,2024-07-02,16
1244,Sandra Gonzalez,Consumer,Silver,2025-08-05,12
1245,Robert Davis,Small Business,Silver,2024-10-07,11
1246,John Thompson,Consumer,Gold,2025-05-20,14
1247,Linda Lopez,Consumer,Gold,2024-04-17,5
1248,Anthony Anderson,Consumer,None,2024-09-15,11
1249,Mary Williams,Consumer,None,2025-01-25,30
1250,Richard Gonzalez,Consumer,Silver,2024-01-11,3
1251,David Hernandez,Consumer,None,2025-05-11,30
1252,Jessica Thompson,Consumer,None,2024-05-23,29
1253,William Garcia,Consumer,None,2025-09-13,2
1254,Aisha White,Consumer,Gold,2024-06-21,26
1255,Sarah Jones,Consumer,Silver,2025-01-01,29
1256,Aisha Miller,Small Business,Gold,2024-02-18,29
1257,Michael Gonzalez,Consumer,None,2025-03-30,20
1258,Matthew Harris,Consumer,None,2024-09-12,13
1259,Jennifer Smith,Enterprise,None,2024-01-29,27
1260,Richard Perez,Enterprise,None,2024-08-13,5
1261,William White,Consumer,None,2024-02-15,11
1262,Christopher Hernandez,Consumer,Silver,2025-10-01,13
1263,Margaret Brown,Consumer,None,2024-08-06,15
1264,James Gonzalez,Consumer,Silver,2024-01-13,21
1265,John Perez,Consumer,None,2025-10-27,18
1266,Susan Wilson,Consumer,Platinum,2025-09-05,20
1267,Aisha Sanchez,Enterprise,Silver,2024-09-14,11
1268,Matthew Perez,Consumer,Gold,2024-12-06,9
1269,Christopher Ramirez,Consumer,Silver,2024-03-10,31
1270,Amara Anderson,Consumer,None,2025-06-07,25
1271,Amara Thompson,Consumer,Gold,2024-08-26,1
1272,Linda Martinez,Small Business,Silver,2025-03-14,16
1273,Patricia Jones,Consumer,None,2025-05-25,24
1274,Susan Lee,Enterprise,Silver,2024-08-31,3
1275,Mark White,Consumer,Silver,2024-05-17,22
1276,Robert Taylor,Small Business,Gold,2025-10-25,27
1277,Joseph Ramirez,Consumer,Silver,2024-12-16,22
1278,Jessica Sanchez,Small Business,Silver,2025-09-14,15
1279,Barbara Anderson,Small Business,None,2024-03-07,1
1280,Richard Johnson,Consumer,None,2024-07-28,10
1281,Diego Clark,Consumer,None,2024-08-29,14
1282,Sandra Martinez,Consumer,None,2024-07-21,11
1283,Jessica Martinez,Consumer,Silver,2025-08-13,19
1284,Sarah Ramirez,Enterprise,None,2024-03-22,31
1285,Matthew Garcia,Consumer,Silver,2025-03-27,31
1286,Margaret Harris,Consumer,None,2025-05-08,10
1287,Jennifer Harris,Consumer,Silver,2025-09-01,20
1288,Barbara Rodriguez,Consumer,None,2025-04-19,25
1289,Diego Martin,Consumer,Silver,2024-03-14,31
1290,Richard Jones,Consumer,Silver,2024-01-05,13
1291,Lisa Thomas,Enterprise,Platinum,2025-03-01,26
1292,Lisa Gonzalez,Consumer,Silver,2024-11-11,32
1293,Anthony Lewis,Consumer,Silver,2024-05-07,3
1294,Richard Harris,Small Business,Gold,2024-09-18,28
1295,Daniel Taylor,Small Business,Silver,2025-10-12,32
1296,Matthew Robinson,Consumer,None,2024-09-09,28
1297,Lisa Lee,Consumer,None,2025-11-12,2
1298,Sandra Perez,Consumer,Silver,2024-09-17,10
1299,William Smith,Consumer,Gold,2024-04-04,8
1300,Betty Thompson,Enterprise,Gold,2025-06-14,6
1301,William Clark,Small Business,Silver,2024-09-15,28
1302,Aisha Perez,Consumer,None,2025-08-23,25
1303,Jennifer Brown,Consumer,None,2024-05-26,23
1304,Betty Thompson,Enterprise,Gold,2024-01-07,20
1305,James Brown,Consumer,Silver,2025-03-03,5
1306,Margaret Garcia,Consumer,None,2025-01-18,12
1307,Wei Garcia,Consumer,Gold,2024-04-22,33
1308,Barbara Miller,Small Business,None,2024-07-06,4
1309,Anthony Anderson,Consumer,None,2025-10-13,7
1310,Matthew Brown,Consumer,Silver,2024-03-06,18
1311,Priya Thomas,Consumer,Gold,2024-01-10,7
1312,James Perez,Consumer,Gold,2024-04-09,3
1313,Matthew Martin,Enterprise,Silver,2024-09-29,34
1314,Nancy Martin,Consumer,Gold,2024-12-10,28
1315,Christopher Clark,Small Business,None,2025-01-04,16
1316,Patricia Lopez,Consumer,Gold,2024-04-12,22
1317,Betty White,Consumer,Gold,2024-01-27,9
1318,Sarah Thompson,Consumer,Silver,2025-01-12,16
1319,Priya Taylor,Consumer,Platinum,2025-11-07,27
1320,Christopher Smith,Enterprise,Silver,2024-02-16,24
1321,Mark Davis,Small Business,Gold,2025-02-13,32
1322,Daniel Wilson,Small Business,Gold,2025-11-05,31
1323,Matthew Martinez,Small Business,Gold,2024-05-26,13
1324,Fatima Johnson,Small Business,None,2025-05-24,9
1325,Diego Ramirez,Small Business,Platinum,2024-06-21,30
1326,Priya Perez,Consumer,Gold,2024-09-06,16
1327,Jennifer Brown,Consumer,Gold,2024-01-30,28
1328,Matthew Harris,Small Business,Silver,2024-08-13,18
1329,Linda Perez,Consumer,Silver,2025-07-01,9
1330,Nancy Ramirez,Small Business,Silver,2025-08-12,15
1331,Nancy Gonzalez,Consumer,Silver,2025-10-31,25
1332,Margaret Sanchez,Consumer,None,2024-08-16,15
1333,Linda Williams,Enterprise,Silver,2025-08-29,22
1334,Linda Jackson,Small Business,Platinum,2024-05-10,24
1335,Yuki White,Consumer,Silver,2024-11-14,1
1336,Matthew Wilson,Small Business,Platinum,2025-01-08,21
1337,David Taylor,Consumer,Silver,2024-04-19,15
1338,Sandra Hernandez,Small Business,Silver,2024-10-30,10
1339,Sandra Jones,Small Business,Gold,2024-05-29,19
1340,Robert Martin,Consumer,Silver,2024-11-12,21
1341,Sarah Ramirez,Small Business,Silver,2025-10-08,31
1342,Matthew Johnson,Small Business,None,2024-06-05,22
1343,Joseph Thompson,Small Business,Silver,2024-07-02,4
1344,Karen Clark,Consumer,None,2024-01-23,11
1345,Priya Lopez,Consumer,Silver,2025-02-04,26
1346,Charles Thompson,Consumer,None,2025-07-15,13
1347,Amara Ramirez,Consumer,None,2024-11-07,4
1348,David Anderson,Small Business,None,2024-10-25,31
1349,Richard White,Small Business,Silver,2025-01-05,1
1350,Elizabeth Gonzalez,Small Business,Gold,2025-11-26,28
1351,Michael Lopez,Enterprise,None,2024-07-02,31
1352,Fatima Lee,Consumer,None,2025-08-30,22
1353,Betty Davis,Consumer,Silver,2024-05-01,3
1354,Liam Garcia,Small Business,Gold,2025-11-17,25
1355,Matthew Rodriguez,Consumer,None,2025-01-11,29
1356,Linda Thomas,Consumer,Silver,2024-08-18,33
1357,Yuki Thomas,Small Business,None,2024-04-06,18
1358,Priya Lee,Consumer,None,2024-11-01,28
1359,John Thompson,Small Business,None,2025-02-19,12
1360,Diego Clark,Consumer,Gold,2025-05-15,34
1361,Aisha Thompson,Enterprise,Gold,2024-07-31,8
1362,Barbara Ramirez,Consumer,Gold,2024-01-06,12
1363,Linda Johnson,Consumer,None,2025-08-11,9
1364,Diego Rodriguez,Enterprise,Silver,2024-03-27,3
1365,Lisa Moore,Enterprise,Silver,2025-03-09,11
1366,Jessica Martinez,Enterprise,None,2025-06-15,3
1367,Aisha Anderson,Consumer,None,2025-08-13,9
1368,Daniel Martin,Small Business,Silver,2024-08-02,33
1369,Robert Davis,Consumer,Gold,2024-07-11,3
1370,Susan Jones,Consumer,None,2025-08-28,14
1371,Sofia Wilson,Consumer,None,2025-07-17,5
1372,William Gonzalez,Enterprise,Silver,2024-03-26,30
1373,Elizabeth Moore,Consumer,None,2024-03-13,14
1374,Richard Thompson,Small Business,Gold,2025-07-31,24
1375,Liam Garcia,Consumer,Gold,2024-06-06,27
1376,Matthew Smith,Consumer,Silver,2024-03-20,16
1377,Diego Wilson,Consumer,None,2024-12-03,5
1378,Nancy Harris,Small Business,None,2024-05-29,18
1379,James Brown,Consumer,None,2024-08-15,25
1380,Linda Garcia,Consumer,Gold,2024-11-09,34
1381,Michael Taylor,Small Business,Silver,2025-08-08,23
1382,Liam Brown,Consumer,Gold,2024-06-23,4
1383,Barbara Lopez,Consumer,None,2025-05-03,26
1384,Fatima Thompson,Consumer,None,2025-11-04,10
1385,Sarah Johnson,Small Business,None,2024-09-12,24
1386,Sandra Garcia,Small Business,Silver,2024-12-28,29
1387,Sarah Wilson,Consumer,Gold,2024-08-22,34
1388,Karen Wilson,Consumer,None,2024-04-02,21
1389,Jessica Williams,Consumer,Silver,2025-08-12,11
1390,Diego Robinson,Enterprise,None,2024-01-11,32
1391,Fatima Robinson,Consumer,Silver,2025-05-06,9
1392,Aisha Thompson,Consumer,None,2025-02-19,8
1393,James Thompson,Small Business,None,2025-07-01,28
1394,Carlos Perez,Consumer,None,2025-09-13,3
1395,Carlos Lewis,Consumer,Gold,2024-06-28,15
1396,Fatima Lopez,Consumer,None,2025-03-08,4
1397,Linda Hernandez,Small Business,Gold,2025-07-06,16
1398,Charles Martinez,Consumer,None,2024-10-27,31
1399,Yuki Gonzalez,Enterprise,Platinum,2024-11-08,14
1400,Fatima Clark,Small Business,Gold,2025-04-19,3
1401,Patricia Lopez,Consumer,None,2025-09-22,1
1402,Michael Smith,Consumer,None,2024-07-09,23
1403,Margaret Thomas,Consumer,Gold,2024-03-27,13
1404,Anthony Brown,Consumer,Silver,2024-01-08,32
1405,Joseph Thomas,Consumer,None,2025-01-18,26
1406,Barbara Moore,Enterprise,Silver,2024-04-21,18
1407,Mark Garcia,Small Business,None,2024-12-28,9
1408,Richard Brown,Consumer,None,2024-10-18,13
1409,Nancy Lewis,Small Business,Platinum,2024-06-13,3
1410,Sarah Brown,Consumer,Gold,2025-05-15,27
1411,David Hernandez,Small Business,Silver,2025-05-28,26
1412,Matthew Jones,Small Business,None,2024-04-20,8
1413,Daniel Taylor,Consumer,Silver,2025-12-01,1
1414,Nancy Wilson,Consumer,None,2025-03-20,1
1415,Jennifer Harris,Consumer,Silver,2024-09-10,28
1416,Barbara Davis,Small Business,Platinum,2024-04-27,18
1417,Jessica Perez,Consumer,Gold,2024-07-22,28
1418,Michael Thompson,Consumer,Platinum,2025-09-17,33
1419,Amara Lee,Consumer,None,2024-08-22,10
1420,Sarah Miller,Consumer,None,2025-03-12,10
1421,Patricia Gonzalez,Consumer,Silver,2025-06-21,27
1422,Joseph Davis,Consumer,Silver,2025-03-12,22
1423,Patricia Martinez,Consumer,Platinum,2024-10-02,8
1424,Anthony Davis,Consumer,None,2024-02-18,21
1425,Christopher Miller,Consumer,Silver,2025-04-28,19
1426,Margaret Garcia,Consumer,None,2025-05-18,17
1427,Michael Perez,Consumer,Gold,2025-11-30,1
1428,Nancy Lopez,Consumer,None,2025-08-26,24
1429,Sarah Miller,Small Business,None,2024-03-30,25
1430,Liam Brown,Enterprise,Gold,2025-08-23,3
1431,Richard Miller,Consumer,Silver,2024-04-11,29
1432,Nancy Martinez,Consumer,None,2024-07-25,31
1433,David Miller,Small Business,Gold,2025-07-17,27
1434,Diego Lopez,Consumer,None,2025-04-04,24
1435,Margaret Williams,Consumer,Platinum,2025-03-05,31
1436,Mary Garcia,Consumer,Platinum,2024-05-12,18
1437,Patricia Sanchez,Consumer,Silver,2025-02-11,13
1438,Fatima Williams,Small Business,None,2025-03-24,11
1439,Matthew Gonzalez,Consumer,None,2024-07-30,18
1440,Susan Jackson,Consumer,Silver,2025-06-09,1
1441,Carlos Rodriguez,Consumer,None,2024-08-13,20
1442,Linda Garcia,Consumer,None,2024-02-16,15
1443,Elizabeth Lewis,Consumer,Gold,2024-05-16,18
1444,Jessica Clark,Consumer,Silver,2025-07-01,14
1445,Liam Lopez,Enterprise,Gold,2024-03-26,21
1446,Thomas White,Small Business,None,2025-02-22,9
1447,Patricia Lee,Consumer,Platinum,2024-12-30,1
1448,Barbara Rodriguez,Small Business,Gold,2025-07-04,2
1449,Amara Brown,Consumer,Silver,2025-10-31,25
1450,Liam Moore,Consumer,None,2025-03-28,14
1451,Amara Lee,Consumer,Silver,2024-06-08,26
1452,Margaret Lopez,Consumer,None,2025-05-05,10
1453,Barbara Clark,Consumer,Platinum,2024-07-12,12
1454,Barbara Lee,Consumer,Gold,2024-01-22,19
1455,Betty Perez,Consumer,None,2024-03-12,13
1456,Sandra Robinson,Small Business,None,2024-04-12,26
1457,James Martin,Consumer,None,2025-01-21,7
1458,James Harris,Consumer,None,2024-05-15,3
1459,Elizabeth Lee,Enterprise,None,2024-01-10,1
1460,Nancy Ramirez,Consumer,Gold,2024-07-26,6
1461,Mark Clark,Consumer,None,2024-11-10,11
1462,Patricia Moore,Consumer,None,2025-10-04,18
1463,Robert Brown,Consumer,Gold,2024-04-15,19
1464,Elizabeth Smith,Consumer,None,2024-01-25,15
1465,Daniel Lee,Enterprise,Silver,2024-08-19,19
1466,Linda Thomas,Consumer,Platinum,2024-04-22,11
1467,Charles Lopez,Consumer,None,2025-09-22,5
1468,Jennifer Lewis,Consumer,None,2025-09-11,3
1469,Nancy Martin,Consumer,Gold,2025-11-26,12
1470,Karen Martin,Small Business,None,2024-12-22,19
1471,Wei Perez,Small Business,Silver,2024-09-28,24
1472,John Sanchez,Small Business,None,2024-06-01,1
1473,Elizabeth Gonzalez,Small Business,None,2025-05-04,29
1474,Margaret White,Consumer,Platinum,2024-05-28,18
1475,Barbara Harris,Consumer,None,2024-12-27,25
1476,Anthony Martin,Small Business,Silver,2024-05-21,22
1477,Jessica Gonzalez,Consumer,Silver,2025-07-16,27
1478,Aisha Moore,Consumer,Silver,2025-01-28,15
1479,Carlos Jackson,Consumer,None,2024-03-30,15
1480,Mary Lopez,Enterprise,None,2024-05-16,31
1481,Daniel Lopez,Consumer,Gold,2024-10-28,9
1482,Diego Robinson,Consumer,None,2024-09-05,27
1483,David Brown,Small Business,Silver,2025-01-21,10
1484,Margaret Lopez,Small Business,None,2024-04-18,4
1485,Liam Ramirez,Consumer,None,2024-01-31,11
1486,Jessica Williams,Small Business,None,2025-08-05,1
1487,Barbara Thomas,Small Business,None,2025-06-24,9
1488,Anthony White,Small Business,Silver,2025-03-30,22
1489,Charles Brown,Small Business,None,2024-03-02,10
1490,Barbara Taylor,Consumer,None,2024-01-12,11
1491,Sandra Moore,Consumer,Silver,2025-08-08,17
1492,Margaret Robinson,Enterprise,Silver,2024-10-05,11
1493,David White,Consumer,None,2025-02-14,14
1494,Barbara Clark,Consumer,Silver,2025-04-24,5
1495,Betty Clark,Consumer,None,2024-06-17,25
1496,Margaret Miller,Consumer,None,2024-04-21,18
1497,Nancy Smith,Consumer,None,2024-10-15,16
1498,Susan Martin,Consumer,None,2024-11-12,1
1499,Robert Davis,Enterprise,Silver,2024-03-28,18
1500,Yuki Sanchez,Consumer,None,2024-02-16,31
1501,Karen Smith,Enterprise,Silver,2024-10-16,23
1502,Christopher Harris,Enterprise,Silver,2024-12-30,26
1503,Michael Hernandez,Consumer,Gold,2025-05-30,27
1504,Elizabeth Smith,Consumer,Gold,2025-05-03,25
1505,Charles Garcia,Consumer,Gold,2025-11-29,10
1506,Jennifer Thompson,Small Business,Silver,2024-08-08,15
1507,William Taylor,Small Business,Platinum,2025-09-15,34
1508,Nancy Anderson,Consumer,Silver,2024-12-13,9
1509,Margaret Johnson,Consumer,Silver,2024-09-01,25
1510,John Jones,Small Business,None,2024-04-09,32
1511,Karen Moore,Consumer,None,2025-05-25,6
1512,Charles Garcia,Consumer,None,2024-10-13,5
1513,John Garcia,Enterprise,Platinum,2024-09-21,30
1514,Mark Lee,Enterprise,Silver,2024-05-06,9
1515,Lisa Ramirez,Consumer,Silver,2025-02-14,19
1516,David Anderson,Small Business,Platinum,2025-06-08,24
1517,Lisa Williams,Consumer,Gold,2025-06-02,27
1518,Robert Martin,Small Business,Silver,2024-09-07,4
1519,Elizabeth Ramirez,Consumer,Silver,2024-10-24,7
1520,John Davis,Small Business,None,2025-04-18,25
1521,Sandra Lee,Consumer,Silver,2024-04-21,30
1522,Betty Harris,Consumer,None,2024-07-23,28
1523,Nancy Martin,Small Business,Silver,2024-08-05,32
1524,Sarah Anderson,Consumer,Silver,2025-07-12,3
1525,Susan Hernandez,Small Business,None,2025-09-07,3
1526,Lisa Sanchez,Consumer,None,2025-04-29,28
1527,Mary Harris,Consumer,None,2024-10-03,28
1528,Elizabeth Williams,Consumer,Gold,2025-02-18,18
1529,Mark Ramirez,Consumer,Gold,2025-06-21,27
1530,Barbara Clark,Small Business,None,2024-04-04,4
1531,Karen Garcia,Enterprise,Silver,2024-12-23,13
1532,Aisha Thompson,Consumer,Silver,2025-03-23,11
1533,Matthew Clark,Small Business,Silver,2025-07-28,1
1534,John White,Small Business,Gold,2024-11-27,10
1535,Christopher Smith,Enterprise,Silver,2025-04-14,10
1536,Christopher Brown,Consumer,None,2024-09-26,27
1537,Mark Clark,Consumer,Platinum,2025-10-11,9
1538,Michael Johnson,Consumer,Silver,2024-07-11,14
1539,William Martin,Consumer,Platinum,2024-08-09,25
1540,Yuki Smith,Consumer,Gold,2025-01-07,24
1541,Fatima Clark,Consumer,Silver,2025-05-26,8
1542,Anthony Lopez,Consumer,Platinum,2025-07-09,23
1543,Nancy Brown,Consumer,None,2025-04-14,12
1544,Liam Garcia,Consumer,Silver,2025-01-25,28
1545,Margaret Lee,Enterprise,Gold,2025-09-27,19
1546,Michael Williams,Consumer,Silver,2024-04-01,7
1547,Anthony Brown,Enterprise,None,2025-09-30,32
1548,Mark Taylor,Consumer,None,2025-11-14,3
1549,Joseph Harris,Consumer,None,2025-07-18,30
1550,Priya Brown,Consumer,Gold,2025-04-20,23
1551,Betty Smith,Consumer,None,2024-08-17,24
1552,Thomas Martinez,Consumer,Gold,2025-11-20,27
1553,Anthony Johnson,Consumer,None,2024-01-27,1
1554,Carlos Clark,Consumer,Silver,2024-12-09,21
1555,Margaret Davis,Consumer,None,2024-07-16,26
1556,Patricia Sanchez,Enterprise,None,2024-05-11,28
1557,Barbara Gonzalez,Consumer,None,2025-06-13,21
1558,David Taylor,Consumer,None,2025-10-08,8
1559,Thomas Clark,Consumer,None,2024-11-26,11
1560,Margaret Smith,Consumer,Silver,2024-01-29,10
1561,Jennifer Jackson,Small Business,None,2024-01-26,25
1562,Sandra Lee,Consumer,Gold,2024-07-10,23
1563,Karen Miller,Small Business,Silver,2025-01-22,16
1564,Sarah Williams,Consumer,Platinum,2025-10-04,10
1565,Michael Brown,Consumer,None,2025-09-02,30
1566,Thomas Lewis,Consumer,Gold,2024-04-05,12
1567,Susan Gonzalez,Small Business,None,2025-05-17,7
1568,Wei Lee,Small Business,None,2024-08-03,5
1569,Christopher Lee,Consumer,None,2024-06-13,29
1570,Barbara Perez,Enterprise,Platinum,2024-04-30,3
1571,Priya Martin,Consumer,None,2024-06-11,1
1572,Linda Miller,Consumer,Silver,2025-07-02,2
1573,Elizabeth Miller,Small Business,None,2024-04-27,24
1574,David Davis,Consumer,Silver,2024-05-09,6
1575,Jennifer Lopez,Small Business,Silver,2025-04-23,19
1576,Fatima Gonzalez,Consumer,Silver,2024-09-13,13
1577,Sarah Gonzalez,Small Business,Silver,2025-08-20,7
1578,William Sanchez,Consumer,None,2025-05-14,14
1579,Liam White,Consumer,Silver,2024-11-22,18
1580,Margaret Miller,Small Business,Gold,2025-01-17,23
1581,Mark Garcia,Consumer,None,2025-06-07,3
1582,Liam Clark,Consumer,None,2024-12-26,34
1583,Christopher Wilson,Consumer,None,2025-01-01,12
1584,Lisa Lopez,Consumer,None,2024-11-17,10
1585,James Thompson,Consumer,Gold,2024-08-06,22
1586,Joseph Moore,Consumer,None,2025-01-29,5
1587,Susan Brown,Enterprise,Gold,2025-09-14,18
1588,John Jackson,Small Business,None,2025-11-29,27
1589,Christopher Miller,Small Business,Silver,2024-02-20,13
1590,Sarah Wilson,Consumer,Silver,2024-05-07,8
1591,Amara Gonzalez,Consumer,None,2025-08-13,16
1592,Yuki Smith,Consumer,Platinum,2024-10-18,30
1593,Robert Lewis,Consumer,None,2024-02-10,34
1594,Priya Brown,Consumer,Gold,2024-11-04,27
1595,Betty Williams,Consumer,None,2025-05-20,21
1596,Sandra Thomas,Enterprise,None,2025-01-17,8
1597,Joseph Johnson,Consumer,None,2024-05-22,1
1598,Margaret Davis,Consumer,Gold,2024-03-31,11
1599,Lisa Clark,Consumer,Gold,2024-02-23,1
1600,Linda Johnson,Consumer,Silver,2024-03-17,20
1601,Matthew Rodriguez,Consumer,None,2024-05-21,11
1602,Christopher Ramirez,Small Business,Platinum,2025-08-21,10
1603,Anthony Lee,Consumer,Silver,2025-11-15,29
1604,Yuki Thomas,Consumer,Silver,2024-10-14,32
1605,Joseph Williams,Small Business,None,2024-10-30,17
1606,Jessica Perez,Consumer,Silver,2024-03-20,14
1607,Susan Smith,Small Business,None,2025-04-24,14
1608,Michael Hernandez,Small Business,Silver,2025-08-27,14
1609,Christopher Harris,Small Business,Gold,2025-04-09,20
1610,Michael Robinson,Enterprise,None,2024-08-12,9
1611,Mark Ramirez,Small Business,None,2024-07-26,33
1612,Sarah Wilson,Enterprise,Silver,2024-11-10,11
1613,Michael Jones,Small Business,None,2024-04-19,30
1614,Sandra Garcia,Consumer,Silver,2024-01-30,18
1615,Daniel Rodriguez,Consumer,None,2025-07-17,8
1616,Elizabeth Gonzalez,Consumer,None,2025-03-17,33
1617,Sarah Lopez,Consumer,Silver,2024-02-20,7
1618,Margaret Miller,Consumer,Silver,2024-07-12,19
1619,Carlos Martin,Consumer,Silver,2025-06-15,32
1620,Jessica Brown,Consumer,None,2024-04-27,15
1621,Sarah Davis,Consumer,None,2025-06-28,5
1622,Sofia Thompson,Consumer,None,2025-02-05,26
1623,Sarah Thomas,Small Business,None,2024-06-24,14
1624,Charles Thompson,Consumer,Silver,2024-01-04,19
1625,Sofia Thomas,Consumer,Silver,2024-09-01,20
1626,William Garcia,Consumer,None,2025-04-11,22
1627,Priya Wilson,Consumer,None,2024-01-22,22
1628,John Garcia,Consumer,Silver,2025-08-31,1
1629,James Thomas,Consumer,Gold,2025-04-28,16
1630,Yuki Perez,Consumer,None,2024-08-21,19
1631,Elizabeth Harris,Consumer,Silver,2024-04-12,7
1632,Mark Thomas,Consumer,Silver,2025-07-12,23
1633,Lisa Anderson,Consumer,None,2024-12-27,1
1634,Carlos Harris,Consumer,Silver,2024-04-25,31
1635,Mary Jones,Small Business,None,2024-08-13,27
1636,Wei Smith,Small Business,Platinum,2025-08-14,16
1637,Lisa Miller,Enterprise,None,2024-07-17,6
1638,Michael Rodriguez,Consumer,Gold,2025-06-23,29
1639,Daniel Lewis,Consumer,Platinum,2025-02-04,22
1640,Sarah Martinez,Consumer,Silver,2024-02-12,13
1641,Sofia Brown,Consumer,Gold,2025-04-10,28
1642,Daniel Martinez,Consumer,Silver,2024-01-09,8
1643,Sandra Perez,Enterprise,Silver,2025-06-19,10
1644,William Martinez,Consumer,None,2024-10-22,32
1645,Sandra Johnson,Small Business,None,2024-10-16,14
1646,Wei Martinez,Consumer,Gold,2025-03-16,1
1647,Patricia Rodriguez,Small Business,Gold,2024-12-24,9
1648,Fatima Perez,Small Business,None,2024-03-29,10
1649,Richard Wilson,Consumer,Silver,2024-10-24,6
1650,Daniel Davis,Consumer,Gold,2025-03-08,25
1651,Thomas Robinson,Consumer,Silver,2025-09-03,20
1652,Christopher Sanchez,Small Business,None,2025-11-30,9
1653,Anthony Moore,Consumer,None,2024-11-04,13
1654,Sandra Moore,Small Business,Gold,2025-01-19,12
1655,Michael Jones,Small Business,Silver,2025-03-28,34
1656,Daniel Anderson,Consumer,Platinum,2025-03-13,23
1657,Sandra Smith,Consumer,None,2025-03-07,2
1658,Karen Sanchez,Consumer,None,2025-08-17,16
1659,Aisha Lewis,Small Business,None,2024-02-24,19
1660,Betty Perez,Small Business,Gold,2025-04-18,1
1661,Sandra Clark,Consumer,Gold,2024-03-27,4
1662,Michael Hernandez,Consumer,Silver,2024-10-24,7
1663,Patricia Brown,Small Business,Silver,2024-02-24,33
1664,Diego White,Consumer,Silver,2024-05-19,32
1665,Elizabeth Martinez,Small Business,Silver,2024-01-07,20
1666,Richard Brown,Consumer,Gold,2024-01-01,5
1667,Carlos Brown,Consumer,None,2024-07-28,16
1668,Fatima Anderson,Enterprise,None,2024-02-26,26
1669,Priya Garcia,Consumer,Silver,2025-07-13,16
1670,Mark Ramirez,Consumer,None,2025-03-18,8
1671,Elizabeth Clark,Consumer,Silver,2024-06-23,16
1672,Richard Thomas,Consumer,None,2024-10-23,31
1673,Amara Thomas,Consumer,None,2025-11-14,24
1674,Michael Anderson,Consumer,None,2025-03-11,27
1675,Linda Jackson,Consumer,None,2024-01-12,25
1676,Sofia Anderson,Enterprise,Silver,2024-12-29,3
1677,Sandra Rodriguez,Consumer,Gold,2024-06-11,1
1678,Fatima Miller,Consumer,None,2025-06-21,23
1679,Elizabeth Lopez,Small Business,Gold,2025-04-15,22
1680,Sarah Sanchez,Consumer,Gold,2025-02-07,20
1681,Priya Gonzalez,Small Business,Silver,2025-09-12,31
1682,Fatima Harris,Consumer,None,2024-09-22,34
1683,Amara Lopez,Consumer,Gold,2024-03-10,26
1684,William Davis,Consumer,Platinum,2025-11-12,7
1685,Priya Hernandez,Consumer,Gold,2024-08-30,15
1686,Matthew Harris,Consumer,None,2024-03-06,27
1687,Robert Ramirez,Small Business,Silver,2025-03-28,5
1688,Mary Robinson,Consumer,None,2024-11-24,12
1689,David Lee,Consumer,None,2024-07-19,13
1690,Charles Davis,Consumer,Silver,2024-06-14,13
1691,Richard Williams,Enterprise,None,2025-10-06,2
1692,Robert Sanchez,Consumer,None,2024-01-06,9
1693,Aisha Ramirez,Consumer,Silver,2024-12-14,5
1694,Carlos Thomas,Consumer,Silver,2024-07-31,13
1695,Daniel Lopez,Consumer,Silver,2024-03-09,9
1696,John Jackson,Small Business,None,2024-05-10,6
1697,Linda Thomas,Consumer,None,2024-02-22,15
1698,Joseph Clark,Consumer,None,2024-09-14,19
1699,William Martinez,Consumer,Gold,2025-07-01,5
1700,Sofia Taylor,Consumer,Silver,2025-02-12,20
1701,Linda Jackson,Small Business,None,2024-09-26,31
1702,Anthony Rodriguez,Small Business,None,2024-12-08,13
1703,Susan Moore,Enterprise,None,2025-11-10,22
1704,Wei Williams,Enterprise,Platinum,2024-12-20,3
1705,Liam White,Consumer,None,2025-07-18,6
1706,Robert Brown,Consumer,Silver,2025-05-23,3
1707,Margaret Thomas,Consumer,None,2024-08-21,20
1708,Richard Moore,Small Business,None,2025-11-29,25
1709,Priya Johnson,Small Business,None,2025-01-21,25
1710,Margaret Moore,Consumer,Gold,2024-04-28,9
1711,Lisa Lopez,Consumer,None,2024-12-17,13
1712,Joseph Williams,Consumer,Gold,2024-08-20,1
1713,Aisha Jackson,Small Business,None,2024-01-16,3
1714,Patricia Williams,Consumer,None,2024-05-09,4
1715,Christopher Lopez,Consumer,None,2024-10-26,16
1716,Linda Perez,Consumer,Silver,2024-03-19,5
1717,Wei Thompson,Consumer,None,2024-08-13,23
1718,Lisa Harris,Consumer,Gold,2025-10-31,19
1719,Christopher Thompson,Consumer,Gold,2024-04-16,33
1720,Sofia Thomas,Consumer,None,2024-03-21,18
1721,Carlos Davis,Consumer,None,2025-07-20,20
1722,Elizabeth Johnson,Consumer,Silver,2025-03-26,16
1723,Linda Smith,Consumer,Silver,2024-02-04,32
1724,Karen Clark,Consumer,Silver,2024-03-02,6
1725,Wei Smith,Consumer,None,2025-01-28,25
1726,Matthew Garcia,Consumer,None,2025-06-29,28
1727,Aisha Harris,Enterprise,Gold,2024-01-27,23
1728,Nancy Robinson,Consumer,None,2025-08-28,17
1729,Sofia Wilson,Small Business,Silver,2024-02-28,28
1730,Charles Ramirez,Consumer,Silver,2025-03-10,30
1731,Carlos Rodriguez,Consumer,Platinum,2025-01-25,11
1732,Jessica Jones,Small Business,Platinum,2024-10-14,1
1733,Jennifer Davis,Consumer,None,2024-12-11,19
1734,Sarah Lopez,Consumer,Silver,2025-11-06,18
1735,Liam Smith,Consumer,None,2024-11-10,8
1736,Thomas Ramirez,Consumer,None,2025-03-30,12
1737,Sandra Johnson,Consumer,Silver,2025-05-06,23
1738,Anthony Johnson,Small Business,Silver,2024-10-10,6
1739,John Anderson,Small Business,None,2024-09-21,12
1740,Wei Jones,Consumer,Gold,2025-10-07,15
1741,Patricia Davis,Consumer,Silver,2025-11-01,8
1742,Mark Jackson,Consumer,None,2024-02-12,21
1743,Thomas Rodriguez,Small Business,Gold,2025-11-25,2
1744,Aisha Thompson,Consumer,None,2025-09-06,3
1745,Fatima Anderson,Consumer,None,2025-06-07,8
1746,Yuki Lopez,Consumer,Gold,2024-03-14,27
1747,Elizabeth Smith,Small Business,None,2025-09-13,21
1748,Anthony Lewis,Enterprise,None,2025-04-26,24
1749,Mary Garcia,Consumer,None,2024-02-15,24
1750,Amara Smith,Consumer,None,2025-09-15,7
1751,Fatima Sanchez,Consumer,Silver,2024-08-08,23
1752,Elizabeth Gonzalez,Enterprise,Platinum,2024-03-20,6
1753,Yuki Taylor,Small Business,Gold,2025-07-05,27
1754,Carlos Sanchez,Consumer,Silver,2025-09-13,4
1755,Mark Hernandez,Small Business,None,2024-07-18,18
1756,Jessica Hernandez,Consumer,None,2025-01-05,16
1757,Linda Thompson,Small Business,Gold,2025-03-31,16
1758,Lisa Williams,Consumer,Gold,2025-07-27,23
1759,Priya Martin,Small Business,None,2025-04-04,15
1760,David Robinson,Small Business,Silver,2025-02-21,16
1761,Liam Rodriguez,Consumer,None,2024-12-15,19
1762,Anthony Taylor,Consumer,Gold,2025-08-12,10
1763,Richard Lewis,Consumer,None,2025-04-09,12
1764,Thomas Harris,Consumer,None,2024-04-13,31
1765,Margaret Smith,Consumer,Gold,2024-03-15,11
1766,Matthew Lewis,Consumer,Silver,2024-12-28,28
1767,Jessica Thompson,Consumer,Gold,2024-05-01,19
1768,Nancy Jackson,Consumer,Gold,2024-02-16,7
1769,Mark Robinson,Consumer,Gold,2025-10-07,27
1770,Charles Harris,Small Business,Silver,2024-05-17,31
1771,Amara Robinson,Consumer,None,2024-03-26,33
1772,Amara Lopez,Consumer,None,2025-01-23,30
1773,Amara Rodriguez,Consumer,None,2024-08-25,7
1774,Yuki Taylor,Consumer,Gold,2025-08-16,34
1775,Charles Hernandez,Small Business,Platinum,2024-11-22,25
1776,Robert Clark,Consumer,Silver,2025-03-16,14
1777,Sofia Hernandez,Consumer,None,2024-12-21,7
1778,Sarah Thomas,Small Business,None,2024-08-17,29
1779,Thomas Martin,Small Business,None,2024-08-25,7
1780,Susan Moore,Consumer,Gold,2024-06-21,33
1781,Aisha Moore,Consumer,Gold,2024-01-07,13
1782,Lisa Miller,Consumer,None,2025-08-07,19
1783,David Clark,Enterprise,Silver,2024-10-29,30
1784,Linda Anderson,Consumer,Gold,2025-05-20,28
1785,Sarah White,Small Business,Silver,2024-12-28,8
1786,Joseph White,Consumer,None,2024-11-30,5
1787,Sandra Lee,Small Business,Silver,2025-11-19,33
1788,Christopher Lewis,Consumer,Silver,2025-03-19,3
1789,Carlos Hernandez,Small Business,Gold,2025-07-25,13
1790,Robert Lee,Consumer,None,2024-09-08,1
1791,Joseph Perez,Consumer,Silver,2024-09-28,13
1792,Barbara White,Consumer,Silver,2024-10-16,32
1793,Jennifer Taylor,Consumer,Silver,2024-01-04,14
1794,Sofia Miller,Consumer,None,2024-02-09,12
1795,Matthew Lee,Consumer,Silver,2025-10-15,16
1796,Barbara Lewis,Small Business,Silver,2024-08-25,20
1797,Wei Sanchez,Consumer,Silver,2025-09-04,26
1798,Michael Davis,Consumer,None,2024-10-21,8
1799,Jessica Perez,Consumer,Platinum,2024-04-28,28
1800,Linda Lopez,Small Business,Silver,2024-05-11,26
1801,Wei Martin,Consumer,None,2024-08-28,27
1802,Susan Lewis,Consumer,None,2024-03-03,27
1803,Christopher Wilson,Consumer,None,2025-03-28,26
1804,Patricia Rodriguez,Consumer,Gold,2024-08-12,32
1805,Karen Anderson,Consumer,None,2024-08-14,27
1806,Susan Harris,Consumer,None,2025-09-20,8
1807,Aisha Smith,Consumer,Silver,2025-01-23,2
1808,Daniel Harris,Consumer,None,2025-11-01,5
1809,Aisha Miller,Consumer,Silver,2025-07-02,11
1810,Charles Sanchez,Consumer,None,2025-01-17,11
1811,Jessica Smith,Small Business,Silver,2024-01-21,3
1812,Fatima Gonzalez,Consumer,None,2024-02-13,32
1813,Joseph Lee,Consumer,None,2024-02-04,16
1814,Matthew Lee,Small Business,Gold,2024-05-14,26
1815,Jennifer Williams,Small Business,Gold,2025-05-31,5
1816,Anthony Smith,Consumer,None,2025-07-08,1
1817,Amara Sanchez,Small Business,Gold,2024-07-17,26
1818,Christopher Wilson,Consumer,Silver,2024-01-24,33
1819,Michael Rodriguez,Consumer,None,2025-01-20,31
1820,Anthony Moore,Consumer,Silver,2025-05-09,18
1821,Fatima Davis,Enterprise,Silver,2024-01-18,25
1822,Lisa Harris,Consumer,Platinum,2025-04-08,7
1823,Betty Harris,Consumer,Silver,2025-04-02,15
1824,Karen Hernandez,Enterprise,None,2025-10-07,10
1825,William Miller,Consumer,None,2025-08-30,32
1826,Sofia Clark,Small Business,Silver,2025-06-19,31
1827,Joseph Johnson,Consumer,Silver,2024-09-15,32
1828,Elizabeth Johnson,Consumer,Gold,2025-08-01,21
1829,Sarah Thompson,Small Business,Silver,2025-07-29,14
1830,Christopher Lee,Consumer,Silver,2024-11-25,16
1831,Diego Ramirez,Consumer,None,2024-04-17,6
1832,David Harris,Consumer,None,2024-06-14,1
1833,Richard Anderson,Small Business,Silver,2024-02-09,8
1834,Carlos Thomas,Consumer,None,2025-07-14,9
1835,Linda Wilson,Consumer,None,2025-11-23,19
1836,Lisa Jackson,Consumer,Silver,2024-05-24,11
1837,Sofia Thompson,Consumer,Silver,2025-06-15,24
1838,Susan Robinson,Consumer,Silver,2024-05-18,22
1839,Priya Smith,Consumer,Silver,2025-03-02,21
1840,James Martinez,Small Business,Silver,2024-07-23,13
1841,Nancy Brown,Consumer,None,2025-10-01,4
1842,Daniel Lee,Consumer,Gold,2024-12-19,15
1843,Sarah Martinez,Small Business,None,2025-08-21,28
1844,Betty Robinson,Consumer,Silver,2025-07-28,17
1845,John Jackson,Small Business,None,2024-04-15,10
1846,Thomas Jackson,Small Business,Silver,2024-05-09,7
1847,Matthew Hernandez,Small Business,Silver,2025-09-22,18
1848,William Smith,Consumer,Gold,2024-08-09,15
1849,Elizabeth Jones,Small Business,None,2025-05-01,11
1850,Patricia Jones,Consumer,Silver,2025-03-26,33
1851,Karen Taylor,Consumer,None,2024-09-03,8
1852,Matthew Thompson,Consumer,Silver,2024-12-29,31
1853,Carlos Williams,Enterprise,Gold,2024-06-19,14
1854,Elizabeth Clark,Consumer,Silver,2025-07-27,28
1855,Thomas Perez,Small Business,Silver,2025-07-25,8
1856,Barbara Smith,Small Business,None,2025-04-22,24
1857,Margaret Miller,Consumer,Platinum,2025-01-26,13
1858,James Miller,Consumer,None,2025-01-04,29
1859,Karen Hernandez,Enterprise,Silver,2025-01-12,7
1860,James Martin,Consumer,Silver,2024-02-04,18
1861,Betty Johnson,Consumer,Platinum,2024-10-07,17
1862,Mary Ramirez,Consumer,Silver,2025-09-14,31
1863,Priya White,Consumer,Silver,2024-02-09,7
1864,Elizabeth Thompson,Consumer,Gold,2024-05-14,12
1865,Linda Johnson,Small Business,None,2025-10-14,29
1866,Aisha Rodriguez,Consumer,None,2025-11-01,13
1867,Christopher Lewis,Small Business,None,2025-08-23,11
1868,James Perez,Small Business,Silver,2025-03-02,26
1869,John Miller,Small Business,None,2024-05-31,33
1870,Mark Johnson,Consumer,Silver,2025-09-15,18
1871,Barbara Lee,Consumer,None,2024-11-14,1
1872,Nancy Anderson,Enterprise,None,2025-08-02,6
1873,Jennifer Garcia,Consumer,Silver,2024-07-09,6
1874,Mary Harris,Consumer,None,2024-01-11,11
1875,Jennifer Lewis,Small Business,Silver,2024-11-11,16
1876,Richard White,Consumer,Silver,2024-11-13,9
1877,Barbara Rodriguez,Consumer,None,2025-08-01,9
1878,Richard Rodriguez,Enterprise,None,2024-06-30,13
1879,Mark Rodriguez,Consumer,None,2025-05-16,6
1880,Carlos Anderson,Enterprise,Silver,2024-02-07,11
1881,Elizabeth Moore,Consumer,Gold,2025-03-20,14
1882,Charles Miller,Consumer,Silver,2025-05-30,22
1883,Sarah Williams,Consumer,Silver,2024-08-03,33
1884,Robert Robinson,Small Business,None,2025-06-13,8
1885,David Anderson,Consumer,Silver,2025-01-16,21
1886,Robert Hernandez,Consumer,Gold,2025-10-06,7
1887,William Wilson,Consumer,Gold,2024-12-08,31
1888,Barbara Robinson,Consumer,Silver,2024-11-09,23
1889,Mary Anderson,Consumer,None,2025-08-30,30
1890,Betty Thomas,Small Business,Silver,2024-09-15,16
1891,Priya Perez,Consumer,Gold,2024-11-03,26
1892,Joseph Harris,Consumer,Gold,2024-04-20,33
1893,Yuki Gonzalez,Consumer,Gold,2024-06-16,2
1894,Liam Thompson,Enterprise,Silver,2024-07-22,34
1895,David Jones,Enterprise,None,2024-02-25,22
1896,Elizabeth Sanchez,Consumer,Silver,2025-04-14,23
1897,Elizabeth Miller,Consumer,None,2024-11-04,12
1898,Susan Wilson,Consumer,Silver,2024-09-07,6
1899,Lisa Smith,Consumer,Silver,2024-06-12,31
1900,Betty Thompson,Small Business,Gold,2025-04-28,14
1901,Jessica Harris,Consumer,Gold,2025-01-31,7
1902,David Gonzalez,Small Business,Silver,2024-10-16,21
1903,Margaret Martin,Consumer,Silver,2025-06-30,26
1904,Amara Smith,Consumer,None,2025-09-15,15
1905,Lisa Hernandez,Consumer,Gold,2024-01-02,33
1906,John Lee,Consumer,None,2024-05-21,15
1907,Karen Wilson,Consumer,None,2024-12-13,6
1908,Elizabeth Martinez,Small Business,Silver,2025-01-31,20
1909,Thomas Wilson,Consumer,Silver,2024-06-16,12
1910,Michael Anderson,Small Business,None,2024-12-20,6
1911,Betty Sanchez,Consumer,Silver,2024-06-13,1
1912,Matthew Perez,Consumer,Platinum,2024-01-12,30
1913,Betty Wilson,Consumer,Silver,2024-11-06,4
1914,Linda Martin,Consumer,Silver,2025-05-29,29
1915,Nancy Ramirez,Small Business,Platinum,2024-04-24,24
1916,Aisha Harris,Consumer,None,2025-11-21,25
1917,Amara Rodriguez,Small Business,Silver,2025-06-11,13
1918,Sandra Wilson,Consumer,None,2025-04-20,4
1919,Wei Anderson,Small Business,Silver,2024-02-21,24
1920,Thomas Wilson,Consumer,Gold,2025-11-22,22
1921,Aisha Rodriguez,Consumer,None,2024-10-27,12
1922,Christopher Martinez,Consumer,Silver,2025-09-02,3
1923,Aisha White,Consumer,Silver,2024-09-11,26
1924,David White,Consumer,Gold,2025-10-10,10
1925,Daniel Anderson,Consumer,None,2025-06-20,16
1926,Christopher Lopez,Consumer,Silver,2024-05-30,3
1927,Michael Gonzalez,Consumer,Silver,2024-03-21,33
1928,Karen Wilson,Consumer,Silver,2024-01-23,26
1929,Jennifer Clark,Small Business,Silver,2024-04-29,28
1930,Karen Martin,Small Business,None,2025-07-06,33
1931,Patricia Lopez,Small Business,None,2024-08-08,31
1932,Barbara Rodriguez,Consumer,None,2025-11-18,33
1933,Barbara Perez,Consumer,None,2024-10-06,19
1934,Anthony Perez,Consumer,Silver,2024-10-08,9
1935,Christopher Brown,Consumer,None,2024-08-18,15
1936,John Martin,Small Business,Silver,2025-09-15,19
1937,Liam Hernandez,Enterprise,None,2025-05-02,25
1938,Nancy Hernandez,Consumer,Gold,2025-03-31,23
1939,Wei Miller,Consumer,None,2025-11-20,11
1940,Yuki Williams,Enterprise,None,2025-07-28,32
1941,Carlos Lopez,Small Business,Silver,2024-10-25,20
1942,Sandra Smith,Consumer,Silver,2025-10-01,10
1943,Yuki Wilson,Small Business,None,2024-01-24,27
1944,Wei Davis,Consumer,Silver,2025-07-04,25
1945,Linda Brown,Consumer,None,2024-08-11,26
1946,Charles Garcia,Consumer,None,2025-02-14,11
1947,Susan Wilson,Small Business,Silver,2024-11-23,18
1948,Christopher Taylor,Small Business,Silver,2024-08-18,26
1949,Sandra Martinez,Enterprise,None,2024-06-09,29
1950,Charles Smith,Small Business,Silver,2025-04-20,22
1951,Michael Gonzalez,Consumer,Silver,2025-03-04,27
1952,Sofia Davis,Consumer,Platinum,2025-09-16,9
1953,Liam Jackson,Consumer,None,2024-01-24,27
1954,Yuki Lee,Consumer,None,2025-12-01,31
1955,Liam Lewis,Consumer,None,2025-07-19,25
1956,William Anderson,Consumer,Platinum,2024-09-02,24
1957,Richard Hernandez,Consumer,None,2024-10-27,9
1958,Yuki Anderson,Small Business,None,2024-09-07,30
1959,Jessica Sanchez,Consumer,None,2025-04-17,12
1960,Liam Clark,Consumer,Silver,2024-06-12,22
1961,John Smith,Small Business,Gold,2025-11-29,3
1962,Priya Ramirez,Small Business,Platinum,2024-03-13,25
1963,Aisha Brown,Consumer,Silver,2025-03-25,2
1964,Charles Sanchez,Consumer,Silver,2024-02-10,26
1965,Fatima Lee,Small Business,None,2025-03-14,29
1966,Thomas Harris,Consumer,Silver,2024-06-22,8
1967,Elizabeth Robinson,Consumer,None,2025-05-09,16
1968,John Anderson,Small Business,None,2024-09-07,32
1969,Mark Hernandez,Consumer,Silver,2024-09-21,29
1970,David Jones,Consumer,Gold,2024-10-22,34
1971,Yuki Lopez,Enterprise,None,2024-11-10,19
1972,Karen Thomas,Consumer,Silver,2025-11-20,29
1973,David Jones,Consumer,None,2025-01-28,19
1974,Susan Jackson,Consumer,None,2024-05-31,20
1975,Fatima White,Consumer,Gold,2025-02-19,34
1976,Daniel Lee,Small Business,None,2025-08-24,10
1977,Lisa Gonzalez,Consumer,Silver,2025-10-25,32
1978,Barbara Thomas,Small Business,None,2024-01-15,25
1979,Joseph Martinez,Consumer,Silver,2024-08-17,14
1980,Linda Lee,Consumer,Silver,2024-12-31,13
1981,James Clark,Small Business,None,2024-08-21,34
1982,Robert Gonzalez,Consumer,None,2024-12-03,7
1983,Aisha Ramirez,Consumer,Silver,2024-02-27,6
1984,Jessica Rodriguez,Small Business,None,2025-10-28,12
1985,Sandra Garcia,Consumer,None,2025-09-15,3
1986,Richard White,Consumer,None,2024-05-15,5
1987,Joseph Davis,Consumer,Gold,2025-04-20,31
1988,Patricia Hernandez,Consumer,None,2024-07-20,5
1989,Priya Miller,Consumer,Silver,2025-07-09,7
1990,Karen Jackson,Consumer,Gold,2025-08-18,1
1991,Mark Harris,Small Business,Silver,2025-08-26,13
1992,Sandra Smith,Consumer,Silver,2025-02-20,17
1993,Barbara Hernandez,Consumer,Platinum,2025-05-09,33
1994,Karen Rodriguez,Consumer,Silver,2024-12-15,16
1995,Karen Lee,Enterprise,Platinum,2024-04-24,29
1996,Wei Smith,Consumer,None,2025-06-05,21
1997,John Harris,Consumer,Gold,2025-11-20,28
1998,Mark Hernandez,Small Business,Gold,2024-07-17,12
1999,Susan Martinez,Consumer,Silver,2024-11-08,33
2000,Michael Perez,Consumer,Silver,2025-09-16,20
2001,Christopher Garcia,Small Business,Gold,2025-02-09,13
2002,Sofia Perez,Enterprise,Platinum,2024-11-29,11
2003,Liam Sanchez,Consumer,None,2024-10-02,27
2004,Karen Lopez,Consumer,None,2024-11-09,10
2005,Christopher Anderson,Consumer,Gold,2025-03-11,20
2006,James Harris,Enterprise,None,2024-02-26,26
2007,David Anderson,Small Business,None,2024-01-20,18
2008,Thomas Martinez,Consumer,Gold,2024-01-25,24
2009,Christopher Moore,Consumer,None,2024-08-08,13
2010,Sarah Brown,Consumer,Silver,2024-09-05,5
2011,Amara Thomas,Consumer,Platinum,2025-11-06,3
2012,Wei Davis,Consumer,None,2025-09-13,18
2013,Patricia Lee,Consumer,None,2024-10-09,22
2014,Charles Brown,Small Business,None,2024-05-17,31
2015,Anthony Clark,Consumer,Silver,2024-06-03,10
2016,Diego Williams,Consumer,Silver,2024-09-08,29
2017,Thomas Moore,Small Business,None,2024-10-25,34
2018,John Ramirez,Enterprise,None,2025-01-04,21
2019,Susan Garcia,Consumer,None,2025-04-24,21
2020,Richard Perez,Consumer,Platinum,2024-09-18,17
2021,David Brown,Consumer,Silver,2025-03-13,27
2022,Patricia Clark,Enterprise,Silver,2024-03-02,34
2023,Mary Jackson,Enterprise,Gold,2024-02-02,28
2024,Christopher Sanchez,Consumer,Silver,2024-10-16,32
2025,John Jackson,Small Business,Silver,2025-07-25,6
2026,Fatima Ramirez,Enterprise,Silver,2025-08-10,6
2027,Richard Harris,Consumer,None,2025-12-01,5
2028,Mark Lewis,Consumer,None,2025-10-28,10
2029,Yuki Hernandez,Small Business,Silver,2025-06-24,30
2030,Margaret Lewis,Consumer,None,2025-02-15,2
2031,Matthew Smith,Consumer,None,2024-08-18,1
2032,Joseph Jackson,Consumer,Silver,2025-06-29,21
2033,Yuki Robinson,Consumer,Gold,2025-08-13,23
2034,Susan Martinez,Consumer,Silver,2024-04-13,12
2035,Robert Harris,Consumer,None,2025-07-07,9
2036,Christopher Robinson,Consumer,None,2025-11-04,15
2037,Margaret Rodriguez,Small Business,None,2024-08-10,15
2038,Mark Brown,Consumer,Silver,2024-01-27,25
2039,Susan Gonzalez,Consumer,None,2025-04-02,4
2040,Matthew Jackson,Enterprise,Silver,2024-04-05,8
2041,Amara White,Consumer,None,2024-05-04,34
2042,Wei White,Consumer,None,2024-11-20,23
2043,Jennifer Sanchez,Consumer,Silver,2025-01-03,33
2044,Sandra Smith,Small Business,None,2025-01-24,1
2045,Michael Lopez,Small Business,None,2024-11-13,24
2046,Karen Davis,Consumer,None,2025-10-28,6
2047,Priya Smith,Small Business,None,2025-10-24,18
2048,Jessica Garcia,Consumer,None,2024-05-11,1
2049,Priya Harris,Consumer,None,2024-03-03,3
2050,Charles Lopez,Consumer,None,2024-06-10,27
2051,Carlos Jones,Small Business,None,2025-01-08,12
2052,William Smith,Consumer,Silver,2024-07-27,32
2053,Thomas Martin,Small Business,None,2024-01-30,21
2054,Priya Johnson,Consumer,None,2025-02-21,10
2055,Liam White,Consumer,None,2024-06-22,34
2056,Joseph Williams,Consumer,Silver,2024-03-08,27
2057,Anthony Ramirez,Small Business,Gold,2024-05-17,29
2058,James Martinez,Small Business,None,2025-04-25,31
2059,Christopher Perez,Small Business,None,2025-09-20,24
2060,Wei White,Consumer,None,2024-05-08,13
2061,Elizabeth Davis,Small Business,None,2024-04-07,6
2062,Sofia Brown,Consumer,Silver,2024-08-19,16
2063,Karen Hernandez,Consumer,Silver,2025-11-15,30
2064,Sarah Harris,Consumer,Silver,2024-12-01,9
2065,Amara White,Consumer,Gold,2025-01-29,3
2066,Barbara Smith,Consumer,Gold,2025-10-11,10
2067,William Gonzalez,Consumer,Silver,2024-01-12,21
2068,Daniel Miller,Enterprise,Silver,2025-04-07,26
2069,Thomas Moore,Small Business,Silver,2024-04-30,29
2070,Fatima Robinson,Enterprise,None,2024-12-11,22
2071,Nancy Sanchez,Consumer,None,2025-07-16,32
2072,Nancy Harris,Consumer,None,2024-09-26,34
2073,Mary Moore,Consumer,Silver,2024-04-06,9
2074,Linda Brown,Small Business,None,2024-05-09,19
2075,Margaret Moore,Consumer,Gold,2025-05-31,6
2076,Fatima Miller,Consumer,None,2025-11-27,10
2077,Daniel Taylor,Small Business,Silver,2025-07-30,10
2078,Aisha Lopez,Consumer,None,2025-06-27,15
2079,William Lee,Consumer,Platinum,2024-06-04,15
2080,Margaret Ramirez,Consumer,Platinum,2024-10-12,13
2081,Betty Martinez,Enterprise,Gold,2025-06-18,25
2082,Sandra Hernandez,Consumer,None,2024-11-03,9
2083,Diego Perez,Enterprise,Silver,2024-08-01,20
2084,John Johnson,Consumer,Gold,2024-05-23,27
2085,Jessica Gonzalez,Consumer,Silver,2025-10-23,11
2086,Jessica Clark,Consumer,Platinum,2024-03-13,23
2087,David Lewis,Small Business,Silver,2024-05-06,26
2088,Elizabeth Miller,Small Business,Gold,2024-05-25,29
2089,James Lee,Consumer,None,2025-06-17,8
2090,Liam Thomas,Consumer,Gold,2025-11-07,15
2091,Aisha White,Consumer,Platinum,2024-06-06,30
2092,Nancy Lewis,Consumer,Gold,2024-02-11,18
2093,Linda Lee,Consumer,Gold,2025-03-12,30
2094,Wei Harris,Consumer,None,2024-08-18,19
2095,Liam Martin,Small Business,Silver,2024-09-04,24
2096,Margaret Wilson,Consumer,Gold,2025-10-15,4
2097,Sarah Lewis,Consumer,None,2025-10-17,17
2098,Thomas Lopez,Consumer,Gold,2024-01-14,6
2099,Jessica Jackson,Consumer,Silver,2024-08-14,32
2100,Michael Harris,Consumer,Silver,2025-07-28,32
2101,Liam Taylor,Consumer,Silver,2024-02-13,25
2102,Michael Jackson,Enterprise,None,2024-04-30,7
2103,Amara Perez,Small Business,None,2025-02-07,27
2104,Mark Ramirez,Small Business,None,2025-08-10,30
2105,Betty Clark,Enterprise,None,2025-11-16,28
2106,Barbara Smith,Consumer,None,2024-04-11,22
2107,Mary White,Consumer,Silver,2024-09-16,30
2108,Daniel Davis,Small Business,None,2025-04-01,18
2109,Thomas Harris,Consumer,Gold,2024-08-02,11
2110,Christopher White,Small Business,None,2024-12-22,26
2111,Wei Ramirez,Consumer,Silver,2024-12-07,6
2112,Joseph Hernandez,Enterprise,None,2024-04-13,20
2113,Betty Hernandez,Consumer,None,2025-10-16,32
2114,Thomas Ramirez,Consumer,None,2024-12-25,32
2115,Lisa Harris,Consumer,None,2024-06-21,11
2116,Amara Martinez,Consumer,Gold,2025-10-19,33
2117,Aisha Garcia,Small Business,None,2025-09-25,26
2118,Jennifer Thompson,Consumer,None,2024-09-26,26
2119,Daniel Gonzalez,Consumer,Platinum,2025-01-29,9
2120,Charles Martin,Enterprise,None,2024-11-27,6
2121,Robert Davis,Enterprise,None,2025-11-14,10
2122,Joseph Clark,Small Business,None,2024-09-08,15
2123,Susan Jones,Consumer,None,2024-10-30,1
2124,Sofia Thomas,Consumer,Platinum,2025-02-28,29
2125,Richard Wilson,Consumer,Silver,2025-06-15,12
2126,Matthew White,Small Business,None,2025-01-07,17
2127,Lisa Lopez,Consumer,None,2024-11-23,16
2128,David Hernandez,Consumer,None,2025-07-05,16
2129,Fatima Thompson,Consumer,Gold,2025-07-02,31
2130,Liam Davis,Enterprise,Gold,2025-10-22,23
2131,Joseph Anderson,Small Business,Silver,2025-08-11,18
2132,Mark Thomas,Enterprise,None,2024-03-07,28
2133,Diego Anderson,Consumer,Silver,2024-12-21,4
2134,John Perez,Enterprise,None,2024-03-07,23
2135,Thomas Lewis,Consumer,Silver,2025-09-04,2
2136,David Gonzalez,Consumer,Silver,2025-11-08,14
2137,Karen Hernandez,Small Business,Silver,2025-08-06,15
2138,Anthony Jones,Enterprise,None,2024-01-07,21
2139,Daniel Jackson,Consumer,Silver,2024-03-13,8
2140,William White,Enterprise,Gold,2024-09-11,13
2141,Barbara Clark,Consumer,Silver,2024-01-31,12
2142,Linda Hernandez,Enterprise,Silver,2024-04-06,6
2143,Matthew Sanchez,Small Business,None,2025-01-25,27
2144,Nancy Garcia,Consumer,Silver,2024-11-14,7
2145,Thomas Thomas,Consumer,None,2024-07-07,6
2146,Daniel Lee,Consumer,None,2024-12-13,6
2147,Thomas Smith,Consumer,None,2025-07-24,4
2148,William Smith,Consumer,None,2024-01-13,34
2149,Mary Sanchez,Enterprise,None,2024-03-12,24
2150,Sofia Thomas,Consumer,None,2025-07-02,12
2151,Elizabeth Martin,Consumer,None,2025-08-10,24
2152,Barbara Taylor,Consumer,None,2025-03-31,10
2153,Aisha Lewis,Enterprise,None,2024-11-15,8
2154,Barbara Jackson,Enterprise,Silver,2024-06-20,34
2155,Liam Jones,Enterprise,Silver,2025-04-10,22
2156,Matthew Sanchez,Small Business,None,2024-04-29,29
2157,Jessica Lopez,Enterprise,Silver,2024-09-02,10
2158,Betty Johnson,Enterprise,Gold,2024-03-01,23
2159,Amara Brown,Small Business,None,2024-04-03,34
2160,Carlos Jackson,Small Business,Silver,2025-02-07,34
2161,Charles Hernandez,Small Business,None,2025-04-03,9
2162,Margaret Gonzalez,Consumer,None,2025-01-21,28
2163,Michael Hernandez,Consumer,Silver,2025-09-16,31
2164,Charles Harris,Small Business,None,2025-06-24,4
2165,Jennifer Martinez,Consumer,None,2025-10-18,12
2166,Mary Johnson,Consumer,Platinum,2025-01-29,20
2167,Patricia Clark,Consumer,None,2025-06-04,28
2168,Lisa Perez,Consumer,Platinum,2024-08-07,3
2169,Joseph Thompson,Small Business,Silver,2024-03-15,21
2170,Yuki Lee,Enterprise,None,2024-02-16,1
2171,Linda Robinson,Enterprise,Silver,2024-01-05,19
2172,Nancy Garcia,Consumer,Gold,2024-08-21,25
2173,Robert Jones,Consumer,Silver,2025-09-05,10
2174,Margaret Perez,Enterprise,Silver,2024-07-28,20
2175,Sarah Wilson,Small Business,None,2025-03-01,1
2176,Richard Clark,Consumer,Silver,2024-09-16,32
2177,Betty Johnson,Small Business,None,2024-05-11,29
2178,Linda Brown,Consumer,Silver,2025-05-15,11
2179,William White,Small Business,Silver,2025-11-28,17
2180,Charles Moore,Small Business,None,2024-10-18,19
2181,Linda Gonzalez,Consumer,Silver,2024-03-29,13
2182,David Taylor,Consumer,None,2025-04-25,3
2183,Robert Clark,Consumer,Silver,2024-07-07,25
2184,John Davis,Consumer,Silver,2025-09-22,28
2185,Mark Martin,Enterprise,Gold,2025-11-09,3
2186,Richard Harris,Consumer,None,2024-11-21,14
2187,Elizabeth Hernandez,Consumer,None,2024-06-28,17
2188,Patricia Gonzalez,Enterprise,Silver,2024-06-05,25
2189,Joseph Garcia,Small Business,None,2024-12-09,13
2190,Mark Williams,Consumer,Silver,2025-09-08,16
2191,Elizabeth Moore,Consumer,None,2024-02-28,21
2192,Carlos Moore,Small Business,Silver,2025-09-25,2
2193,Christopher Lopez,Enterprise,Silver,2024-05-26,3
2194,James Gonzalez,Consumer,None,2025-07-30,1
2195,Yuki Brown,Consumer,Silver,2025-10-05,15
2196,Mary Lee,Consumer,None,2025-08-08,31
2197,Sofia Gonzalez,Small Business,Silver,2024-08-31,29
2198,Daniel Lee,Enterprise,None,2025-05-05,30
2199,Aisha Lewis,Consumer,Silver,2024-08-17,24
2200,Barbara Gonzalez,Consumer,None,2024-06-13,17
2201,Karen Jones,Consumer,Gold,2025-04-15,3
2202,Joseph Gonzalez,Consumer,Platinum,2025-10-03,9
2203,Anthony Lewis,Small Business,None,2025-04-16,27
2204,Matthew Anderson,Consumer,None,2024-12-11,24
2205,Carlos Miller,Small Business,Silver,2024-08-10,16
2206,Sofia Lopez,Small Business,Gold,2025-07-15,30
2207,Lisa Lee,Consumer,Silver,2024-08-06,20
2208,Aisha Lee,Enterprise,Platinum,2024-11-03,29
2209,Sofia Wilson,Consumer,Silver,2024-07-23,4
2210,William Perez,Consumer,Platinum,2025-06-13,25
2211,Mary Thompson,Consumer,None,2025-01-30,14
2212,Yuki Harris,Consumer,Gold,2025-10-18,10
2213,Richard Jones,Consumer,Gold,2024-11-20,27
2214,David Harris,Consumer,Gold,2024-11-19,32
2215,Carlos White,Consumer,None,2025-11-23,3
2216,Mary Smith,Small Business,None,2024-12-05,4
2217,Daniel Miller,Consumer,None,2024-08-06,10
2218,Sofia Robinson,Enterprise,None,2025-08-20,21
2219,Nancy Thompson,Consumer,Gold,2024-10-23,12
2220,William Lewis,Consumer,Silver,2024-06-16,10
2221,Sofia Wilson,Consumer,Silver,2025-07-29,11
2222,Sarah Thompson,Small Business,None,2024-04-26,16
2223,Mark Brown,Small Business,Silver,2024-05-18,3
2224,Priya Garcia,Small Business,Gold,2025-08-23,2
2225,Mark Jackson,Small Business,Platinum,2025-04-03,12
2226,Yuki Lopez,Small Business,None,2024-03-28,22
2227,David Martin,Consumer,None,2025-11-24,20
2228,Richard Lee,Small Business,Platinum,2024-10-26,21
2229,Jennifer Lopez,Consumer,Silver,2024-01-17,32
2230,William Lopez,Consumer,Platinum,2024-07-15,17
2231,Mary Thomas,Consumer,None,2024-06-19,21
2232,Karen Rodriguez,Consumer,None,2025-03-19,29
2233,Sandra Perez,Consumer,None,2024-12-06,6
2234,Sofia Smith,Consumer,Gold,2024-11-05,2
2235,Matthew Gonzalez,Consumer,None,2025-11-19,3
2236,Lisa Sanchez,Consumer,None,2025-03-10,33
2237,Daniel White,Consumer,None,2025-07-19,17
2238,Jennifer Robinson,Consumer,Silver,2025-11-18,29
2239,Christopher Ramirez,Consumer,None,2024-04-26,33
2240,Michael Davis,Consumer,None,2024-06-30,5
2241,Jessica Harris,Consumer,None,2024-03-18,6
2242,Nancy Ramirez,Consumer,Platinum,2024-06-08,5
2243,Sandra Lee,Consumer,None,2025-11-11,22
2244,David Miller,Consumer,Platinum,2024-07-09,6
2245,James Wilson,Consumer,None,2024-08-03,15
2246,Christopher Lee,Consumer,None,2024-07-16,34
2247,Wei Martin,Consumer,Silver,2025-04-25,12
2248,Patricia Anderson,Consumer,None,2025-06-03,12
2249,Richard Rodriguez,Consumer,None,2025-07-09,10
2250,Linda Thompson,Consumer,None,2024-07-11,5
2251,Joseph Garcia,Small Business,None,2025-10-12,26
2252,Anthony Taylor,Consumer,Gold,2024-08-11,19
2253,Jessica Taylor,Small Business,Silver,2025-11-01,1
2254,Charles Harris,Consumer,Silver,2024-03-07,11
2255,Patricia Martin,Small Business,Gold,2024-03-22,28
2256,Mark Smith,Consumer,Gold,2024-11-22,6
2257,Lisa Thompson,Consumer,Gold,2025-08-05,5
2258,Mark Lopez,Consumer,Gold,2025-01-14,31
2259,Christopher Moore,Consumer,None,2024-08-21,13
2260,Daniel Wilson,Consumer,Gold,2025-04-17,30
2261,Betty Anderson,Consumer,Silver,2025-04-08,30
2262,Matthew Wilson,Small Business,None,2024-05-22,2
2263,Elizabeth Gonzalez,Consumer,Gold,2024-01-15,24
2264,Barbara Jones,Consumer,None,2024-08-10,12
2265,Elizabeth Rodriguez,Consumer,None,2024-07-21,22
2266,Karen Clark,Consumer,Silver,2024-08-21,18
2267,Wei Wilson,Consumer,Silver,2024-06-12,28
2268,Daniel Brown,Small Business,Silver,2024-11-27,5
2269,Elizabeth Davis,Small Business,None,2025-05-21,34
2270,James Martinez,Consumer,Silver,2024-12-12,11
2271,Margaret Martin,Consumer,None,2025-09-05,8
2272,Lisa Sanchez,Consumer,Silver,2025-01-13,9
2273,Mary Anderson,Consumer,Platinum,2025-03-03,24
2274,Joseph Robinson,Enterprise,Platinum,2025-10-11,21
2275,Sarah Moore,Small Business,Silver,2025-08-14,22
2276,David Hernandez,Consumer,Gold,2025-08-30,15
2277,Jessica Thomas,Consumer,Gold,2024-01-20,31
2278,Matthew Harris,Consumer,Silver,2025-09-30,10
2279,Sandra Martin,Consumer,Gold,2024-03-09,18
2280,Sarah Thompson,Small Business,None,2025-01-07,10
2281,Jessica Davis,Consumer,Silver,2024-12-01,1
2282,Diego Jones,Consumer,None,2024-11-23,18
2283,Aisha Miller,Consumer,None,2025-09-03,13
2284,Patricia White,Small Business,None,2025-06-20,13
2285,Matthew Wilson,Consumer,None,2024-11-01,1
2286,Mary Smith,Consumer,Gold,2024-03-21,27
2287,Elizabeth Anderson,Consumer,None,2025-07-22,25
2288,Christopher Brown,Consumer,Silver,2025-04-11,18
2289,Sandra Martinez,Consumer,Platinum,2025-08-23,11
2290,Linda Johnson,Consumer,None,2025-07-19,21
2291,Matthew Moore,Consumer,None,2025-10-05,2
2292,Barbara Hernandez,Consumer,Silver,2025-10-21,3
2293,Yuki Johnson,Small Business,Silver,2024-02-27,33
2294,Wei Williams,Consumer,Silver,2024-05-23,5
2295,Jessica Williams,Consumer,None,2024-12-31,24
2296,John Thomas,Consumer,None,2025-07-12,26
2297,Betty Thompson,Small Business,Gold,2025-07-15,10
2298,Mark Garcia,Consumer,None,2024-09-24,8
2299,Diego Smith,Small Business,None,2025-10-20,4
2300,Robert Johnson,Enterprise,Platinum,2024-08-26,15
2301,David Taylor,Consumer,Silver,2024-11-26,21
2302,Betty Smith,Consumer,Silver,2024-10-23,33
2303,Anthony Moore,Consumer,None,2024-02-11,5
2304,Joseph Jackson,Consumer,None,2024-01-08,32
2305,Lisa Taylor,Consumer,Silver,2025-02-10,11
2306,Sofia Martinez,Consumer,None,2025-07-23,18
2307,Richard Harris,Consumer,Gold,2024-12-08,17
2308,Betty Brown,Consumer,Silver,2025-04-07,19
2309,Fatima Harris,Consumer,None,2024-07-28,26
2310,Michael White,Small Business,Silver,2024-07-23,14
2311,Karen Clark,Small Business,None,2025-08-30,14
2312,Patricia Lee,Small Business,Gold,2025-08-03,15
2313,Susan Taylor,Consumer,Gold,2024-11-13,2
2314,Nancy Miller,Small Business,Silver,2025-02-01,32
2315,Betty Martin,Consumer,Silver,2025-05-18,11
2316,Jessica Williams,Small Business,Silver,2024-01-01,7
2317,James Rodriguez,Consumer,Silver,2024-11-06,1
2318,William Brown,Consumer,None,2025-01-11,4
2319,Margaret White,Consumer,Silver,2024-03-18,24
2320,Karen Harris,Consumer,None,2024-05-02,3
2321,Susan Brown,Consumer,None,2025-05-02,2
2322,Jessica Anderson,Consumer,Silver,2024-10-03,18
2323,John White,Consumer,Silver,2024-08-08,10
2324,Mary Johnson,Small Business,None,2025-03-18,32
2325,James Jackson,Consumer,Gold,2025-11-03,3
2326,Sarah Thompson,Consumer,None,2025-05-05,19
2327,Sarah Ramirez,Small Business,Gold,2024-08-28,13
2328,Robert Ramirez,Enterprise,Silver,2025-07-26,28
2329,Joseph Thompson,Consumer,Silver,2024-10-20,4
2330,Sandra Clark,Consumer,Silver,2025-07-11,31
2331,Lisa White,Small Business,None,2024-11-24,10
2332,Barbara Jackson,Consumer,None,2025-01-16,26
2333,Charles Jones,Consumer,None,2025-11-22,32
2334,Margaret Williams,Consumer,None,2024-05-20,17
2335,Sandra Anderson,Consumer,Gold,2024-02-13,11
2336,Elizabeth Martin,Consumer,Silver,2025-07-07,22
2337,Yuki Jones,Consumer,None,2025-02-09,14
2338,Linda Taylor,Consumer,None,2025-06-16,3
2339,Diego Perez,Small Business,Gold,2024-08-20,11
2340,Wei Brown,Consumer,None,2025-01-17,21
2341,Betty Davis,Small Business,Platinum,2025-02-21,23
2342,Joseph Lee,Small Business,Gold,2024-06-08,30
2343,Richard Thompson,Small Business,Silver,2025-05-31,1
2344,John Thompson,Small Business,None,2024-09-04,20
2345,Susan Moore,Consumer,None,2024-07-14,7
2346,Linda Miller,Consumer,None,2025-11-27,12
2347,Linda Wilson,Consumer,Silver,2025-11-08,23
2348,Karen Hernandez,Consumer,None,2025-01-18,25
2349,Amara Robinson,Consumer,None,2025-10-12,31
2350,Wei Johnson,Consumer,None,2024-11-23,32
2351,Priya Ramirez,Small Business,None,2025-07-05,25
2352,Amara Martin,Enterprise,None,2025-05-17,23
2353,Wei Harris,Consumer,None,2025-05-01,6
2354,Jessica White,Consumer,None,2025-04-10,7
2355,Liam Thomas,Consumer,Gold,2024-11-26,3
2356,Mark Miller,Consumer,None,2024-04-07,27
2357,Mary Robinson,Consumer,None,2025-03-31,33
2358,Sarah Thompson,Small Business,None,2025-07-02,25
2359,Amara Brown,Consumer,Silver,2025-05-17,34
2360,William Johnson,Consumer,None,2025-09-07,19
2361,Elizabeth Clark,Consumer,None,2024-07-22,5
2362,Matthew Harris,Consumer,None,2025-01-20,12
2363,Nancy Ramirez,Small Business,Gold,2024-08-22,32
2364,Linda Brown,Consumer,Platinum,2024-05-22,11
2365,Liam Jackson,Consumer,Gold,2025-03-24,2
2366,Margaret Smith,Consumer,None,2025-01-12,34
2367,Priya Johnson,Consumer,None,2025-03-22,18
2368,John Williams,Consumer,None,2025-11-11,17
2369,Jessica Robinson,Consumer,None,2024-05-03,9
2370,Barbara Perez,Small Business,Silver,2025-04-01,13
2371,Diego Rodriguez,Enterprise,Silver,2024-03-09,31
2372,Amara Wilson,Consumer,None,2025-07-27,8
2373,Karen Jones,Consumer,Silver,2024-01-12,26
2374,James Brown,Consumer,Silver,2025-11-12,34
2375,Karen Lewis,Enterprise,Gold,2024-11-23,9
2376,Susan Miller,Consumer,None,2025-05-04,31
2377,Matthew Moore,Small Business,Gold,2024-05-29,5
2378,Elizabeth Ramirez,Consumer,Platinum,2025-05-04,5
2379,Yuki Garcia,Small Business,Gold,2025-10-03,16
2380,Lisa Davis,Consumer,None,2025-02-20,17
2381,Christopher Harris,Consumer,Silver,2024-01-29,26
2382,Lisa Gonzalez,Small Business,None,2025-09-12,29
2383,David Thomas,Consumer,Gold,2025-02-20,33
2384,William Davis,Consumer,None,2024-10-21,34
2385,Liam Smith,Consumer,Silver,2024-03-08,27
2386,Elizabeth Harris,Consumer,None,2025-01-13,3
2387,Nancy Martinez,Small Business,Silver,2024-11-11,21
2388,Wei Gonzalez,Consumer,Silver,2025-04-25,9
2389,Nancy Moore,Consumer,None,2025-09-23,34
2390,Sarah Robinson,Consumer,None,2024-10-22,18
2391,Christopher Robinson,Consumer,Platinum,2025-08-02,16
2392,Richard Clark,Small Business,None,2025-06-14,22
2393,Liam Wilson,Small Business,None,2025-09-19,13
2394,Charles Miller,Consumer,None,2025-07-09,24
2395,Sandra Jackson,Consumer,Silver,2024-06-26,34
2396,Charles Lee,Consumer,Silver,2024-07-29,16
2397,Nancy Garcia,Consumer,Silver,2025-01-18,32
2398,Sarah Robinson,Consumer,None,2025-07-04,30
2399,John Rodriguez,Small Business,Platinum,2025-01-20,8
2400,James Williams,Enterprise,Silver,2024-09-17,13
2401,Diego Jackson,Consumer,None,2025-06-07,18
2402,Patricia Wilson,Consumer,None,2025-09-01,32
2403,Christopher Brown,Consumer,Gold,2024-07-04,9
2404,Patricia Johnson,Consumer,Silver,2024-10-11,5
2405,David Sanchez,Consumer,Gold,2025-03-09,7
2406,Yuki Johnson,Consumer,Silver,2024-04-24,1
2407,Sarah Martinez,Consumer,Silver,2024-09-03,28
2408,Yuki Harris,Consumer,None,2025-07-19,18
2409,Mary Moore,Consumer,Platinum,2024-08-13,21
2410,Matthew Miller,Consumer,Silver,2024-06-13,2
2411,Sarah Sanchez,Consumer,Gold,2024-05-07,32
2412,Joseph Davis,Consumer,None,2025-09-16,30
2413,Joseph Rodriguez,Consumer,None,2024-01-04,7
2414,Amara Ramirez,Consumer,None,2025-04-01,25
2415,Jennifer Wilson,Consumer,Gold,2025-03-29,29
2416,Sofia Harris,Consumer,None,2024-01-24,25
2417,Wei Wilson,Consumer,Silver,2024-12-16,34
2418,Sofia Gonzalez,Consumer,None,2025-09-13,29
2419,John Martin,Small Business,None,2024-06-21,25
2420,Christopher Lopez,Consumer,None,2024-10-07,26
2421,Joseph Gonzalez,Small Business,Silver,2024-01-25,31
2422,John Anderson,Consumer,None,2025-02-02,2
2423,Mary Thomas,Enterprise,None,2025-04-01,28
2424,Thomas Lopez,Consumer,Platinum,2024-10-02,15
2425,Priya Garcia,Small Business,Silver,2024-08-12,11
2426,Liam Taylor,Enterprise,None,2024-02-07,13
2427,Joseph Williams,Consumer,Silver,2024-04-04,11
2428,Thomas Williams,Consumer,None,2024-09-18,34
2429,Margaret Rodriguez,Consumer,None,2024-08-22,12
2430,John Davis,Consumer,Silver,2025-09-27,6
2431,Barbara Martinez,Small Business,None,2025-03-09,31
2432,Richard Martin,Small Business,None,2024-03-09,5
2433,Barbara Moore,Consumer,None,2025-04-18,8
2434,Barbara Jones,Small Business,None,2024-09-08,12
2435,William Harris,Small Business,Silver,2025-06-09,18
2436,Patricia Gonzalez,Consumer,None,2024-06-20,9
2437,David Davis,Small Business,Silver,2025-08-10,24
2438,Sandra Garcia,Consumer,Silver,2024-09-11,8
2439,Robert Williams,Consumer,Silver,2024-05-19,25
2440,Wei Perez,Consumer,None,2025-07-17,26
2441,Carlos Anderson,Small Business,Silver,2024-12-28,34
2442,Betty Harris,Enterprise,None,2025-06-20,17
2443,Wei Jones,Consumer,Platinum,2024-07-30,3
2444,Karen Brown,Consumer,None,2025-01-26,27
2445,Christopher Thomas,Consumer,Gold,2024-01-17,13
2446,Elizabeth Anderson,Small Business,None,2025-10-26,9
2447,Elizabeth Smith,Consumer,None,2025-03-25,15
2448,Sandra Lopez,Consumer,Platinum,2025-04-19,14
2449,Jessica Jones,Consumer,None,2024-10-29,7
2450,Matthew Lewis,Consumer,None,2024-03-20,28
2451,Fatima Moore,Enterprise,Gold,2024-02-11,31
2452,Priya Williams,Consumer,Gold,2024-12-05,23
2453,William Smith,Small Business,Silver,2024-05-29,7
2454,Patricia Smith,Consumer,None,2024-08-11,33
2455,Mark Gonzalez,Consumer,Silver,2025-09-19,22
2456,Charles Lopez,Consumer,Gold,2025-06-13,4
2457,Wei Wilson,Small Business,Silver,2024-02-07,33
2458,Yuki Taylor,Enterprise,None,2024-06-06,5
2459,Mark White,Consumer,Gold,2024-05-27,18
2460,Jennifer Martin,Consumer,None,2024-10-09,25
2461,Karen Smith,Consumer,None,2024-07-18,9
2462,Elizabeth Wilson,Consumer,None,2024-08-03,17
2463,Robert Rodriguez,Consumer,Gold,2024-03-08,31
2464,William Robinson,Consumer,Silver,2024-04-26,32
2465,Nancy Martin,Enterprise,None,2025-04-25,24
2466,Diego Moore,Small Business,Silver,2025-10-08,22
2467,Amara Taylor,Small Business,None,2025-08-31,18
2468,Mary Wilson,Consumer,Silver,2024-10-05,31
2469,Wei White,Enterprise,None,2024-02-22,26
2470,Thomas Brown,Consumer,Gold,2025-07-22,10
2471,Jessica Anderson,Small Business,Silver,2024-04-10,10
2472,Anthony White,Consumer,None,2025-03-05,26
2473,Jessica Garcia,Consumer,None,2025-11-09,31
2474,Patricia Wilson,Consumer,Silver,2025-03-18,26
2475,Mary Hernandez,Consumer,Silver,2024-05-01,24
2476,Wei Robinson,Consumer,None,2025-08-25,26
2477,Jessica Martinez,Small Business,None,2025-09-17,16
2478,Liam Hernandez,Consumer,None,2024-03-25,25
2479,James Jones,Small Business,Platinum,2025-05-19,28
2480,Elizabeth Johnson,Consumer,None,2025-04-27,1
2481,Lisa Perez,Consumer,None,2025-11-13,23
2482,Karen Hernandez,Enterprise,None,2024-02-09,7
2483,Robert Martin,Small Business,Gold,2024-07-15,1
2484,Wei Brown,Consumer,Gold,2025-08-30,18
2485,John Clark,Consumer,Silver,2024-05-21,19
2486,Thomas Garcia,Consumer,None,2024-04-08,33
2487,Charles Johnson,Small Business,Silver,2024-12-12,26
2488,Mark Lopez,Consumer,Silver,2024-11-09,33
2489,Betty Wilson,Small Business,None,2024-11-12,16
2490,Sandra Jones,Consumer,Silver,2024-02-07,10
2491,Linda Jones,Consumer,Silver,2025-04-04,7
2492,Charles Harris,Consumer,Silver,2024-11-23,22
2493,Margaret Wilson,Small Business,Silver,2025-10-21,8
2494,Amara Martinez,Small Business,None,2025-04-29,14
2495,Betty Miller,Consumer,Gold,2024-03-08,23
2496,Thomas Gonzalez,Consumer,Platinum,2025-05-24,12
2497,Christopher Anderson,Small Business,Silver,2024-11-30,9
2498,Christopher Robinson,Small Business,None,2024-01-08,12
2499,Thomas Wilson,Small Business,None,2025-05-13,6
2500,Robert Lewis,Consumer,Silver,2024-09-02,9
2501,Sarah Robinson,Consumer,Gold,2024-07-03,13
2502,Lisa Thompson,Consumer,None,2025-09-21,22
2503,Priya Harris,Consumer,None,2024-07-25,33
2504,Fatima Rodriguez,Small Business,Platinum,2025-02-04,34
2505,Sofia Robinson,Small Business,Silver,2025-03-21,13
2506,Robert Anderson,Enterprise,Silver,2025-07-05,19
2507,Charles Hernandez,Consumer,Platinum,2025-02-21,2
2508,John Thomas,Enterprise,Silver,2025-04-19,27
2509,Joseph Robinson,Consumer,None,2025-08-28,21
2510,Robert Clark,Enterprise,None,2025-11-15,15
2511,Thomas Smith,Consumer,Platinum,2024-08-22,34
2512,Mark Davis,Consumer,Platinum,2024-01-03,26
2513,Sarah Moore,Consumer,Platinum,2024-01-17,27
2514,Karen Harris,Enterprise,None,2025-05-23,4
2515,Diego Martinez,Enterprise,None,2024-08-28,8
2516,Nancy Garcia,Small Business,None,2024-01-15,13
2517,Jessica Thomas,Consumer,Silver,2024-04-11,2
2518,Thomas Garcia,Consumer,None,2025-11-18,19
2519,Margaret Miller,Consumer,Platinum,2025-01-05,11
2520,Karen Moore,Enterprise,Gold,2024-03-19,5
2521,James Davis,Enterprise,None,2024-10-03,5
2522,Mark Hernandez,Small Business,Gold,2025-05-27,8
2523,Sandra Taylor,Small Business,None,2025-05-07,8
2524,Jennifer Lopez,Consumer,Gold,2024-12-27,6
2525,Aisha Rodriguez,Small Business,Gold,2025-09-27,2
2526,Jennifer Williams,Consumer,Silver,2024-05-29,11
2527,Aisha Miller,Consumer,None,2025-10-08,31
2528,Matthew Sanchez,Small Business,Gold,2024-04-16,28
2529,Betty Miller,Consumer,Silver,2024-07-13,11
2530,Amara White,Small Business,Platinum,2024-08-20,5
2531,Wei Moore,Consumer,None,2025-01-31,30
2532,Robert Johnson,Consumer,None,2024-07-11,29
2533,Lisa Lee,Small Business,None,2025-03-01,22
2534,Christopher Ramirez,Consumer,None,2024-03-28,30
2535,Carlos Moore,Consumer,Silver,2025-08-30,8
2536,Diego White,Consumer,None,2024-05-02,22
2537,Christopher Davis,Small Business,None,2025-07-03,20
2538,Michael Johnson,Enterprise,None,2025-11-11,20
2539,Thomas Clark,Consumer,Gold,2024-06-05,25
2540,John Taylor,Consumer,Silver,2024-03-17,24
2541,Anthony Smith,Consumer,Silver,2024-10-18,2
2542,David Robinson,Consumer,None,2025-09-09,34
2543,Linda Brown,Consumer,None,2024-12-07,17
2544,Yuki Miller,Consumer,None,2024-08-25,6
2545,Diego Harris,Enterprise,Gold,2025-07-16,6
2546,Aisha Martinez,Small Business,Gold,2024-04-12,20
2547,Robert Martinez,Small Business,None,2024-04-05,27
2548,Patricia Jones,Enterprise,Silver,2024-04-06,5
2549,Michael Lewis,Consumer,None,2024-02-13,31
2550,Aisha Brown,Consumer,Silver,2024-06-11,17
2551,Jessica Williams,Consumer,Gold,2024-06-21,22
2552,Michael Lee,Consumer,Silver,2025-04-26,2
2553,William White,Enterprise,None,2024-09-01,33
2554,Carlos Lewis,Small Business,Gold,2025-08-13,18
2555,Richard Thomas,Consumer,Silver,2024-03-01,16
2556,Matthew Miller,Consumer,None,2024-10-26,34
2557,Amara Wilson,Consumer,Gold,2024-10-02,19
2558,Linda Thompson,Consumer,Silver,2024-09-18,27
2559,Linda Gonzalez,Small Business,Silver,2024-09-16,13
2560,Amara Brown,Small Business,None,2024-05-15,16
2561,Jessica White,Small Business,None,2024-03-14,3
2562,Susan Rodriguez,Consumer,None,2025-08-11,8
2563,Linda Clark,Consumer,None,2025-02-27,1
2564,Elizabeth Jones,Consumer,None,2025-01-12,8
2565,Carlos Perez,Small Business,Gold,2025-03-30,18
2566,Elizabeth Miller,Consumer,Silver,2024-12-27,25
2567,Jessica Thomas,Consumer,None,2024-10-07,32
2568,Margaret Anderson,Small Business,Gold,2024-03-03,11
2569,Sandra Taylor,Consumer,Gold,2024-07-27,19
2570,Elizabeth Martinez,Consumer,None,2024-06-30,18
2571,Carlos Williams,Consumer,None,2024-12-22,30
2572,Richard Thompson,Enterprise,None,2025-05-03,18
2573,Priya Davis,Consumer,None,2024-05-16,29
2574,Wei Gonzalez,Consumer,Platinum,2025-07-18,15
2575,Linda Rodriguez,Consumer,None,2025-06-18,24
2576,Carlos Sanchez,Consumer,Silver,2025-02-17,20
2577,Michael Davis,Small Business,Gold,2024-09-15,19
2578,Diego Ramirez,Consumer,Platinum,2024-07-06,34
2579,James Jones,Small Business,Gold,2024-12-01,2
2580,Anthony Jackson,Consumer,None,2024-01-02,22
2581,Karen White,Small Business,None,2024-09-14,28
2582,Richard Lee,Small Business,Silver,2025-11-16,26
2583,Yuki Lopez,Consumer,None,2025-01-24,7
2584,Jessica Hernandez,Consumer,Gold,2024-12-10,3
2585,Aisha Hernandez,Consumer,Silver,2024-08-21,32
2586,John Brown,Consumer,None,2024-08-24,9
2587,Sandra Wilson,Small Business,Platinum,2024-04-15,5
2588,Mark Thompson,Small Business,None,2024-08-14,9
2589,Michael Johnson,Enterprise,None,2024-01-12,17
2590,Sarah Lee,Consumer,Gold,2024-08-02,29
2591,Sofia Brown,Small Business,Silver,2024-09-13,6
2592,Jessica Johnson,Consumer,Silver,2024-10-10,31
2593,James Robinson,Small Business,Gold,2024-08-09,32
2594,Michael Williams,Consumer,Silver,2025-08-19,33
2595,James Wilson,Small Business,Silver,2024-12-31,23
2596,William Smith,Consumer,Silver,2025-10-04,7
2597,Richard Garcia,Small Business,Silver,2024-08-27,11
2598,Richard Clark,Consumer,Silver,2024-07-21,14
2599,Mark Davis,Consumer,Gold,2024-02-02,9
2600,Susan Lopez,Consumer,None,2025-03-18,20
2601,William Thomas,Consumer,None,2024-01-08,25
2602,Barbara Perez,Consumer,None,2024-04-21,27
2603,John Jones,Consumer,Silver,2024-04-21,27
2604,William Rodriguez,Small Business,Silver,2025-07-22,34
2605,Amara Lewis,Consumer,Platinum,2025-04-08,22
2606,Aisha Perez,Consumer,Silver,2025-04-04,14
2607,Mark Rodriguez,Consumer,Gold,2024-09-23,21
2608,Mary Miller,Consumer,Silver,2024-10-29,26
2609,Jennifer Ramirez,Enterprise,None,2024-05-09,8
2610,Aisha Ramirez,Consumer,Gold,2025-07-27,8
2611,Amara Thompson,Consumer,Silver,2024-02-24,9
2612,Joseph Sanchez,Enterprise,Silver,2024-09-03,9
2613,Liam Moore,Consumer,None,2024-09-04,5
2614,Carlos Moore,Consumer,Silver,2024-09-22,6
2615,Barbara Johnson,Small Business,None,2025-05-17,28
2616,Joseph Thompson,Consumer,None,2025-06-14,6
2617,Margaret White,Consumer,Silver,2024-11-25,6
2618,Nancy Smith,Small Business,Gold,2024-01-12,3
2619,Mary Ramirez,Consumer,Gold,2024-03-26,2
2620,Amara Williams,Consumer,Gold,2024-07-13,6
2621,Mark Sanchez,Small Business,Silver,2024-02-28,24
2622,Liam Smith,Consumer,Silver,2024-12-27,10
2623,Fatima Lee,Consumer,None,2024-10-26,19
2624,Elizabeth Martin,Consumer,Gold,2024-10-21,31
2625,John Jones,Consumer,Gold,2024-10-22,12
2626,Christopher Gonzalez,Consumer,Silver,2024-02-11,31
2627,Robert Martin,Small Business,Gold,2024-01-03,4
2628,Matthew Lopez,Consumer,Silver,2024-03-31,22
2629,Carlos Jones,Consumer,None,2025-01-21,26
2630,Elizabeth Sanchez,Consumer,None,2025-06-07,18
2631,Patricia Lopez,Small Business,None,2024-06-23,20
2632,Robert Moore,Consumer,None,2025-10-02,3
2633,Jessica Wilson,Consumer,Platinum,2025-09-24,30
2634,Sofia Harris,Consumer,None,2024-07-08,34
2635,Patricia Robinson,Consumer,Silver,2025-02-05,8
2636,Diego Robinson,Consumer,Silver,2024-01-06,34
2637,Barbara Moore,Small Business,None,2025-05-25,31
2638,Richard Gonzalez,Consumer,None,2025-06-25,13
2639,Jessica Jones,Small Business,Silver,2024-05-24,5
2640,Charles White,Consumer,Silver,2025-06-18,11
2641,Karen Wilson,Consumer,Gold,2024-06-11,20
2642,David Lopez,Consumer,None,2025-03-17,34
2643,Thomas Williams,Small Business,None,2024-02-11,30
2644,Matthew Garcia,Small Business,Gold,2025-01-17,23
2645,Robert Garcia,Small Business,None,2024-08-22,26
2646,Aisha Perez,Consumer,Gold,2024-10-27,12
2647,Mary Perez,Consumer,None,2025-04-26,6
2648,Sarah Ramirez,Consumer,Gold,2025-06-09,19
2649,Fatima Robinson,Small Business,None,2024-08-19,2
2650,Diego Thompson,Consumer,Platinum,2025-06-15,33
2651,Nancy White,Consumer,Silver,2025-04-21,9
2652,Nancy Johnson,Consumer,Gold,2025-10-16,19
2653,Jessica Miller,Enterprise,Gold,2024-08-01,14
2654,Richard Clark,Consumer,Gold,2024-09-20,34
2655,Linda Gonzalez,Small Business,None,2024-05-24,15
2656,Liam Anderson,Small Business,Gold,2025-04-22,34
2657,Aisha Johnson,Consumer,Silver,2024-09-03,13
2658,Richard Thomas,Consumer,None,2024-05-17,14
2659,Joseph Johnson,Small Business,Platinum,2024-02-05,27
2660,Sofia Harris,Small Business,None,2025-05-23,33
2661,Matthew Brown,Small Business,Gold,2025-05-27,30
2662,Carlos Lewis,Enterprise,None,2024-01-11,1
2663,Mary Sanchez,Consumer,Gold,2025-08-23,2
2664,Linda Moore,Consumer,None,2025-09-03,9
2665,Matthew Hernandez,Small Business,None,2025-10-14,31
2666,Charles Clark,Enterprise,Gold,2025-03-01,8
2667,Susan Gonzalez,Small Business,None,2025-09-16,24
2668,Patricia Williams,Consumer,None,2025-09-10,20
2669,Carlos Lee,Consumer,None,2024-04-21,19
2670,Betty Taylor,Small Business,Silver,2024-12-17,31
2671,Anthony Miller,Enterprise,Silver,2024-06-10,11
2672,Fatima Jones,Consumer,None,2024-09-02,5
2673,Anthony Williams,Enterprise,Silver,2024-09-18,6
2674,Charles Jones,Consumer,Silver,2025-07-02,34
2675,Lisa Lee,Consumer,Platinum,2024-12-11,2
2676,Margaret Wilson,Small Business,None,2025-06-15,3
2677,David Wilson,Enterprise,Gold,2024-02-13,2
2678,Patricia Taylor,Consumer,Gold,2025-01-04,14
2679,Jennifer Clark,Consumer,Silver,2025-01-30,2
2680,Christopher White,Enterprise,Gold,2024-04-12,14
2681,Thomas Lewis,Consumer,None,2024-12-30,22
2682,Diego Garcia,Consumer,Silver,2025-08-08,28
2683,Wei Wilson,Consumer,Silver,2025-09-28,10
2684,Thomas Martinez,Consumer,Gold,2024-04-28,3
2685,James Sanchez,Small Business,None,2025-04-03,34
2686,Jessica Thomas,Consumer,None,2024-05-19,34
2687,Lisa Martin,Consumer,None,2024-02-24,8
2688,Mary Martin,Consumer,Silver,2025-06-03,4
2689,John Sanchez,Consumer,Platinum,2024-10-19,19
2690,Mark Rodriguez,Small Business,Silver,2025-02-16,11
2691,Sofia Lee,Consumer,None,2025-10-01,27
2692,Charles Clark,Small Business,None,2024-04-01,30
2693,Aisha Sanchez,Consumer,Platinum,2025-08-16,24
2694,Jessica Jones,Consumer,None,2025-08-01,22
2695,Fatima Lewis,Consumer,Platinum,2025-08-06,20
2696,Richard Garcia,Consumer,Gold,2024-04-20,13
2697,Joseph Martinez,Consumer,Silver,2025-03-16,10
2698,Patricia Wilson,Consumer,None,2025-07-25,2
2699,Linda Anderson,Consumer,None,2024-02-01,27
2700,Susan Martinez,Consumer,None,2025-06-16,15
2701,Liam Robinson,Consumer,Platinum,2025-10-27,24
2702,David Perez,Small Business,Gold,2024-10-18,2
2703,Anthony Lewis,Enterprise,Silver,2024-05-25,8
2704,Margaret Hernandez,Small Business,Gold,2025-07-16,2
2705,Betty Jackson,Small Business,None,2025-07-11,23
2706,Sarah Williams,Consumer,None,2025-08-09,25
2707,John Robinson,Consumer,Gold,2024-01-16,14
2708,Michael Perez,Small Business,None,2024-07-13,10
2709,Nancy Robinson,Small Business,Gold,2024-09-14,8
2710,Betty Moore,Consumer,Gold,2024-09-03,10
2711,Fatima Rodriguez,Small Business,None,2024-01-31,3
2712,Joseph Smith,Small Business,None,2025-11-14,1
2713,Betty Robinson,Enterprise,None,2024-03-05,25
2714,Matthew Taylor,Consumer,None,2024-03-17,13
2715,Sofia Hernandez,Enterprise,None,2024-02-19,2
2716,Patricia Martin,Consumer,Silver,2024-03-23,18
2717,Christopher Johnson,Small Business,Gold,2025-02-21,30
2718,Carlos Miller,Consumer,None,2025-10-19,29
2719,Lisa Davis,Consumer,Silver,2024-10-03,18
2720,Mark Martin,Consumer,Silver,2025-02-04,19
2721,Mark Lewis,Small Business,None,2025-02-16,9
2722,David Martin,Consumer,Gold,2024-12-18,9
2723,Wei White,Enterprise,Platinum,2025-01-28,31
2724,Yuki Thompson,Consumer,Platinum,2024-09-26,5
2725,Aisha Rodriguez,Consumer,Silver,2024-07-18,5
2726,Jennifer Robinson,Consumer,Platinum,2024-11-17,9
2727,Richard Lopez,Consumer,Gold,2024-04-21,26
2728,Sandra Smith,Small Business,None,2024-06-17,14
2729,William Smith,Consumer,None,2024-04-25,25
2730,Fatima Perez,Consumer,Silver,2024-05-15,21
2731,Daniel Gonzalez,Consumer,None,2024-07-13,8
2732,Aisha Martinez,Consumer,Silver,2024-09-27,20
2733,William Ramirez,Consumer,None,2024-02-18,21
2734,Fatima Johnson,Consumer,Platinum,2025-03-17,7
2735,Jessica Anderson,Consumer,None,2025-11-29,14
2736,Priya Moore,Enterprise,Silver,2024-05-25,7
2737,Wei Perez,Enterprise,None,2024-06-23,33
2738,William Lee,Small Business,Silver,2025-05-18,6
2739,Barbara Brown,Consumer,Platinum,2024-09-24,13
2740,William Jackson,Small Business,Silver,2025-05-18,22
2741,Mark Davis,Small Business,Silver,2024-08-25,28
2742,Linda Ramirez,Consumer,Platinum,2024-06-30,33
2743,Anthony Smith,Consumer,None,2024-08-22,22
2744,Mary Thomas,Small Business,Platinum,2025-02-16,28
2745,Sandra Thomas,Small Business,Silver,2025-02-16,4
2746,Betty Taylor,Consumer,None,2024-01-16,10
2747,Aisha Jones,Small Business,None,2025-11-05,6
2748,Daniel Hernandez,Enterprise,Silver,2024-03-29,11
2749,Lisa Smith,Enterprise,Platinum,2025-07-06,22
2750,Thomas Gonzalez,Consumer,Gold,2024-03-15,10
2751,Barbara Williams,Consumer,Platinum,2024-12-01,9
2752,Liam Johnson,Consumer,Silver,2024-08-28,18
2753,Charles Sanchez,Consumer,Gold,2024-06-11,2
2754,Nancy Sanchez,Small Business,None,2025-09-11,3
2755,Aisha Wilson,Enterprise,Silver,2025-06-03,17
2756,Karen Lewis,Consumer,Silver,2025-09-16,22
2757,Jennifer Martinez,Consumer,Silver,2025-04-07,23
2758,Robert Thompson,Consumer,None,2024-04-03,29
2759,Aisha Gonzalez,Consumer,Silver,2025-02-03,29
2760,Barbara Smith,Consumer,None,2024-10-08,29
2761,Sofia Williams,Consumer,Silver,2025-05-21,30
2762,Aisha Jones,Consumer,Gold,2025-06-01,28
2763,David Hernandez,Consumer,Platinum,2025-08-13,34
2764,Robert Sanchez,Consumer,None,2025-11-28,21
2765,Barbara Perez,Consumer,None,2025-01-12,16
2766,Mary Perez,Consumer,Silver,2025-02-03,24
2767,Sandra Jackson,Small Business,None,2024-02-01,3
2768,Aisha Garcia,Consumer,None,2025-01-18,22
2769,Carlos Gonzalez,Consumer,None,2025-08-30,30
2770,Sofia Martinez,Consumer,Platinum,2025-10-15,12
2771,Aisha White,Small Business,None,2025-02-04,18
2772,Richard Moore,Consumer,None,2024-12-14,7
2773,Christopher Garcia,Consumer,Platinum,2025-05-09,22
2774,Matthew Garcia,Enterprise,None,2025-02-17,11
2775,Joseph Hernandez,Small Business,None,2025-09-14,34
2776,Joseph Ramirez,Consumer,None,2024-04-18,33
2777,Lisa Smith,Consumer,None,2025-06-15,32
2778,Diego Hernandez,Consumer,Silver,2025-09-16,2
2779,Charles Clark,Consumer,None,2024-08-17,17
2780,Sofia Brown,Consumer,Gold,2025-08-13,33
2781,Priya Martin,Consumer,Silver,2024-06-17,31
2782,Nancy Jackson,Small Business,None,2024-10-02,16
2783,Lisa Miller,Consumer,None,2024-11-10,26
2784,Michael Hernandez,Consumer,Silver,2024-07-26,21
2785,Lisa Martin,Consumer,Gold,2025-03-05,14
2786,Carlos Brown,Consumer,None,2025-03-12,16
2787,Mary Martin,Small Business,Silver,2024-06-02,18
2788,Michael Martinez,Small Business,None,2024-02-06,6
2789,Matthew Martin,Small Business,Silver,2024-05-04,34
2790,Diego Johnson,Consumer,None,2025-05-04,9
2791,Jessica Ramirez,Consumer,Gold,2025-06-23,33
2792,Betty Garcia,Consumer,Gold,2024-12-04,9
2793,Margaret Wilson,Small Business,Silver,2024-11-28,4
2794,Anthony Sanchez,Consumer,None,2025-07-05,29
2795,William Jones,Consumer,Platinum,2024-12-11,32
2796,Sarah Moore,Consumer,None,2025-08-25,22
2797,Christopher Sanchez,Consumer,None,2024-07-01,19
2798,Sofia Robinson,Small Business,None,2024-03-25,8
2799,Nancy Smith,Small Business,None,2024-01-07,9
2800,Karen Lopez,Consumer,None,2025-08-23,15
2801,Jessica Jones,Small Business,None,2024-11-29,8
2802,James Hernandez,Consumer,None,2025-05-07,22
2803,Margaret Moore,Consumer,None,2025-11-29,12
2804,Carlos Taylor,Consumer,Platinum,2025-01-30,25
2805,Wei Jones,Consumer,Gold,2024-08-15,32
2806,Mark White,Consumer,Silver,2025-10-20,19
2807,David Lopez,Enterprise,None,2024-06-20,33
2808,John Taylor,Small Business,Gold,2024-06-26,14
2809,Michael White,Small Business,None,2024-07-13,9
2810,Liam Jones,Consumer,None,2025-10-03,1
2811,Matthew White,Consumer,None,2024-04-02,1
2812,Wei Garcia,Consumer,None,2025-07-20,14
2813,William Harris,Consumer,None,2025-02-17,31
2814,Sandra Garcia,Consumer,None,2024-12-24,12
2815,Lisa Moore,Consumer,None,2025-05-10,18
2816,Yuki Johnson,Consumer,Silver,2024-05-25,21
2817,Sandra Gonzalez,Consumer,Silver,2024-04-14,16
2818,Barbara Thompson,Consumer,None,2024-05-03,29
2819,Sandra Perez,Consumer,Silver,2024-07-22,14
2820,Susan Robinson,Consumer,None,2024-01-30,12
2821,Yuki Jackson,Small Business,Platinum,2025-02-25,14
2822,Margaret Sanchez,Small Business,None,2025-11-04,21
2823,Karen Davis,Small Business,None,2024-08-30,10
2824,Lisa Thompson,Small Business,Silver,2025-08-14,16
2825,Christopher Moore,Consumer,Silver,2024-09-30,20
2826,Sandra White,Consumer,None,2024-08-12,32
2827,Jessica Smith,Small Business,Silver,2024-09-24,22
2828,Wei Martin,Small Business,Silver,2024-07-03,8
2829,Amara Anderson,Consumer,None,2024-07-10,1
2830,William Johnson,Small Business,Silver,2024-09-09,22
2831,Carlos Robinson,Consumer,Silver,2024-04-25,32
2832,Christopher Jones,Consumer,None,2024-09-05,34
2833,Michael Jones,Small Business,Silver,2025-02-10,24
2834,Patricia Moore,Consumer,None,2024-06-26,13
2835,Diego Thomas,Consumer,Gold,2025-06-15,30
2836,Mark Lopez,Small Business,None,2025-01-16,14
2837,Jessica Lee,Small Business,Gold,2024-03-03,26
2838,Robert Miller,Enterprise,None,2024-10-11,2
2839,Matthew Lee,Small Business,Silver,2025-08-09,6
2840,Linda Anderson,Small Business,None,2024-12-21,5
2841,Susan Ramirez,Small Business,Silver,2024-01-24,6
2842,William Harris,Consumer,None,2025-11-10,23
2843,Priya Rodriguez,Consumer,Gold,2024-07-16,33
2844,James Jackson,Consumer,Silver,2025-04-26,27
2845,Wei Williams,Consumer,Silver,2024-05-28,8
2846,Elizabeth Brown,Consumer,Silver,2024-06-10,14
2847,Sandra Wilson,Consumer,None,2025-11-07,30
2848,Jennifer Brown,Consumer,None,2025-01-26,8
2849,Barbara Johnson,Small Business,None,2025-09-24,8
2850,Nancy Perez,Enterprise,None,2025-03-24,34
2851,Sofia White,Consumer,None,2024-02-07,14
2852,Matthew Hernandez,Consumer,None,2025-07-03,14
2853,Karen Harris,Consumer,Gold,2024-04-16,34
2854,Barbara Brown,Consumer,Silver,2024-10-18,6
2855,Betty Lee,Enterprise,Gold,2024-05-23,34
2856,Yuki Perez,Consumer,None,2024-05-17,21
2857,David Smith,Enterprise,None,2025-01-10,13
2858,Matthew Clark,Consumer,Platinum,2025-11-01,5
2859,Yuki Martin,Small Business,Silver,2024-05-11,23
2860,Mary Harris,Enterprise,None,2024-08-22,7
2861,Sarah Miller,Consumer,Silver,2025-01-02,28
2862,Matthew Martinez,Small Business,None,2024-08-05,9
2863,John Lewis,Consumer,Silver,2024-01-27,10
2864,Patricia Wilson,Consumer,Silver,2025-01-05,8
2865,Diego Thomas,Consumer,Silver,2024-03-02,18
2866,Mark White,Consumer,Silver,2025-03-17,6
2867,Anthony Davis,Small Business,Silver,2024-05-09,9
2868,Michael Hernandez,Enterprise,None,2024-09-24,21
2869,James Davis,Consumer,None,2024-02-03,19
2870,Sofia Lopez,Consumer,Gold,2025-05-23,26
2871,Mark Lopez,Consumer,None,2024-11-11,28
2872,Amara Perez,Consumer,Gold,2025-01-15,23
2873,Jessica Rodriguez,Consumer,Gold,2024-04-18,31
2874,Sandra Wilson,Consumer,None,2024-04-23,1
2875,Linda Sanchez,Consumer,None,2024-05-05,33
2876,Anthony Moore,Consumer,None,2024-04-12,15
2877,Jennifer Thomas,Consumer,Silver,2025-03-09,11
2878,Carlos Brown,Consumer,Silver,2025-04-03,24
2879,Michael Hernandez,Consumer,Silver,2025-04-19,4
2880,Anthony Anderson,Consumer,Silver,2024-09-09,7
2881,Nancy Williams,Consumer,Silver,2024-10-21,4
2882,Sarah Thomas,Small Business,None,2024-07-23,20
2883,Richard Smith,Consumer,None,2025-08-01,2
2884,Carlos Perez,Consumer,None,2025-04-02,23
2885,Thomas Thomas,Consumer,None,2024-07-28,2
2886,Richard Perez,Consumer,Gold,2025-09-13,13
2887,Mark Robinson,Small Business,None,2025-03-23,17
2888,Elizabeth Williams,Consumer,None,2025-08-22,23
2889,David Thompson,Consumer,Platinum,2024-01-20,31
2890,Betty Wilson,Consumer,None,2024-04-12,28
2891,Amara Smith,Consumer,Silver,2024-04-29,5
2892,Sandra Brown,Consumer,Silver,2024-02-08,17
2893,Amara Davis,Small Business,Gold,2025-07-30,5
2894,Sarah Jackson,Consumer,Platinum,2024-11-18,1
2895,John Hernandez,Consumer,Silver,2024-02-13,12
2896,Robert Sanchez,Small Business,Gold,2025-10-24,20
2897,Betty Sanchez,Consumer,Silver,2025-05-19,34
2898,Richard Anderson,Small Business,None,2024-05-03,29
2899,Diego White,Consumer,None,2024-04-14,19
2900,Michael Jones,Consumer,None,2025-05-11,14
2901,Priya Jackson,Consumer,None,2024-09-11,18
2902,Christopher Wilson,Small Business,Platinum,2024-08-03,12
2903,Amara Martin,Consumer,None,2025-08-19,19
2904,Sofia Anderson,Small Business,Gold,2024-03-09,1
2905,William Lewis,Consumer,None,2025-11-07,28
2906,Patricia Taylor,Small Business,None,2025-07-07,30
2907,Anthony Johnson,Small Business,None,2025-11-07,11
2908,Thomas Brown,Consumer,Silver,2024-08-28,6
2909,Sofia Jackson,Consumer,Platinum,2025-09-01,33
2910,Amara Anderson,Consumer,None,2024-04-24,10
2911,Mary White,Consumer,None,2025-10-02,33
2912,Fatima Smith,Enterprise,Gold,2025-07-13,5
2913,Karen Moore,Small Business,Silver,2024-06-13,9
2914,Daniel Taylor,Consumer,None,2024-08-26,33
2915,Fatima Lopez,Consumer,None,2024-01-12,29
2916,Mary Rodriguez,Consumer,Silver,2025-03-04,3
2917,Jennifer Clark,Consumer,None,2024-07-12,12
2918,Liam Gonzalez,Small Business,Platinum,2025-10-25,6
2919,Fatima Lewis,Small Business,None,2025-11-21,32
2920,William Martin,Enterprise,None,2025-07-27,28
2921,Betty Jackson,Consumer,None,2025-11-11,31
2922,Amara Lopez,Consumer,Gold,2024-04-30,15
2923,Amara Wilson,Consumer,Silver,2024-12-29,8
2924,Diego Lee,Consumer,Silver,2024-06-30,16
2925,Diego Moore,Small Business,None,2024-12-07,15
2926,Sandra Jackson,Consumer,None,2024-07-05,26
2927,Liam Robinson,Consumer,Silver,2025-10-17,27
2928,Matthew Moore,Enterprise,None,2024-09-28,16
2929,Sarah Anderson,Consumer,None,2024-11-15,33
2930,Elizabeth Moore,Consumer,None,2024-04-14,22
2931,Daniel Jackson,Consumer,Silver,2025-10-07,16
2932,David Smith,Enterprise,Gold,2025-08-10,33
2933,Sarah Moore,Small Business,None,2025-06-29,26
2934,Robert Lewis,Enterprise,None,2024-05-20,28
2935,Elizabeth Harris,Consumer,None,2025-03-31,34
2936,Mary Martin,Consumer,None,2024-04-01,5
2937,Linda Jackson,Small Business,Platinum,2025-01-01,16
2938,William Clark,Consumer,None,2025-02-21,14
2939,Anthony Lewis,Consumer,None,2024-12-15,1
2940,Thomas Hernandez,Consumer,Gold,2024-04-06,33
2941,Mary Robinson,Enterprise,None,2025-01-03,11
2942,Karen Thomas,Consumer,None,2024-09-25,10
2943,Christopher Lee,Small Business,None,2024-07-16,3
2944,Yuki Wilson,Consumer,Silver,2024-03-05,26
2945,John Harris,Small Business,Silver,2024-05-09,34
2946,Yuki Harris,Consumer,Gold,2025-07-13,3
2947,James Ramirez,Small Business,None,2025-04-17,26
2948,Sarah Williams,Consumer,Gold,2024-10-04,29
2949,Michael Sanchez,Consumer,Gold,2024-11-30,15
2950,Matthew Rodriguez,Small Business,Silver,2025-09-23,28
2951,Jessica Thompson,Consumer,None,2025-09-25,26
2952,Fatima Gonzalez,Consumer,Silver,2024-04-02,20
2953,Christopher Sanchez,Consumer,None,2024-04-23,4
2954,Liam Perez,Small Business,Gold,2024-02-29,12
2955,Lisa Davis,Consumer,None,2024-02-15,25
2956,Jennifer Wilson,Small Business,Silver,2024-08-20,4
2957,Diego Sanchez,Consumer,None,2024-07-31,26
2958,David Brown,Consumer,None,2025-08-16,33
2959,Patricia Gonzalez,Consumer,Silver,2024-01-08,32
2960,Yuki Martinez,Consumer,Silver,2024-11-01,9
2961,Barbara Johnson,Enterprise,Silver,2025-01-20,19
2962,Sarah Sanchez,Consumer,None,2025-03-17,28
2963,Margaret Rodriguez,Small Business,Platinum,2024-01-15,11
2964,Christopher Wilson,Small Business,None,2025-05-16,24
2965,Mary Jackson,Small Business,Platinum,2024-11-11,29
2966,Richard Sanchez,Consumer,None,2025-09-15,33
2967,Lisa Rodriguez,Small Business,Gold,2025-01-25,26
2968,Barbara Harris,Small Business,None,2024-12-10,27
2969,Betty Lee,Consumer,None,2025-09-10,22
2970,Patricia Smith,Small Business,None,2024-06-13,28
2971,Elizabeth Martinez,Consumer,Gold,2025-04-07,12
2972,Priya Martinez,Small Business,Silver,2024-05-17,26
2973,Matthew Smith,Consumer,Silver,2024-03-21,7
2974,Michael Williams,Small Business,None,2025-05-30,24
2975,Carlos Lee,Consumer,Gold,2024-03-02,25
2976,Aisha Smith,Consumer,Platinum,2025-04-30,7
2977,Priya Thompson,Consumer,Gold,2025-07-26,32
2978,Barbara Jackson,Enterprise,Gold,2025-03-30,23
2979,Sarah Anderson,Small Business,Gold,2025-02-22,9
2980,Margaret Williams,Enterprise,None,2024-04-23,10
2981,Carlos Rodriguez,Consumer,None,2025-05-05,15
2982,Amara White,Consumer,Silver,2025-06-29,25
2983,William Lopez,Consumer,None,2025-06-10,17
2984,Diego Thompson,Consumer,None,2025-05-30,15
2985,Sarah Johnson,Enterprise,None,2025-11-23,3
2986,Lisa Martinez,Small Business,Gold,2024-12-12,30
2987,John Brown,Consumer,Silver,2024-07-17,9
2988,Mark Martinez,Enterprise,Silver,2025-11-29,32
2989,Jennifer Anderson,Small Business,None,2025-02-11,29
2990,Charles Lee,Consumer,None,2025-05-16,11
2991,Diego Moore,Small Business,Gold,2024-06-22,25
2992,Daniel Thompson,Consumer,Gold,2025-11-01,1
2993,John Martin,Small Business,None,2024-09-09,25
2994,Richard Johnson,Enterprise,Platinum,2025-09-15,25
2995,Christopher White,Consumer,Gold,2024-05-28,33
2996,Nancy Ramirez,Consumer,Gold,2024-11-08,15
2997,Michael Taylor,Consumer,Silver,2025-02-09,5
2998,Fatima Lewis,Consumer,None,2025-03-11,5
2999,Thomas Rodriguez,Consumer,None,2024-09-24,24
3000,Aisha Miller,Consumer,Silver,2024-03-08,24
